alias,canonical_vivc_name,source,match_score
TRAMINER,SAVAGNIN BLANC,manual,100.0
GEWURZ TRAMINER,GEWUERZTRAMINER,manual,100.0
SAVAGNIN = TRAMINER,SAVAGNIN BLANC,manual,100.0
PINOT GRIGIO,PINOT GRIS,manual,100.0
SHIRAZ,SYRAH,manual,100.0
PETITE SIRAH,DURIF,manual,100.0
MALBEC,COT,manual,100.0
AUXERROIS BLANC,AUXERROIS,manual,100.0
AUXERROIS GROS,AUXERROIS,manual,100.0
MELON DE BOURGOGNE,MELON,manual,100.0
MOURVEDRE,MONASTRELL,manual,100.0
MOURVÈDRE,MONASTRELL,manual,100.0
MATARO,MONASTRELL,manual,100.0
MORRASTEL,GRACIANO,manual,100.0
PRIMITIF,PRIMITIVO,manual,100.0
CRLJENAK KASTELANSKI,PRIMITIVO,manual,100.0
TRIBIDRAG,PRIMITIVO,manual,100.0
ZINFANDEL,PRIMITIVO,manual,100.0
VITIS RIPARIA GLOIRE,RIPARIA GLOIRE DE MONTPELLIER,manual,100.0
GLOIRE DE MONTPELLIER,RIPARIA GLOIRE DE MONTPELLIER,manual,100.0
VITIS RIPARIA GLOIRE DE MONTPELLIER,RIPARIA GLOIRE DE MONTPELLIER,manual,100.0
RIPARIA GLOIRE,RIPARIA GLOIRE DE MONTPELLIER,manual,100.0
GOUAIS BLANC,HEUNISCH WEISS,manual,100.0
WEISSER HEUNISCH,HEUNISCH WEISS,manual,100.0
HEUNISCH,HEUNISCH WEISS,manual,100.0
MAGDELEINE NOIRE,MAGDELEINE NOIRE DES CHARENTES,manual,100.0
HEBIEN,HEBEN,manual,100.0
SANGIOVESE GROSSO,SANGIOVESE,manual,100.0
BRUNELLO,SANGIOVESE,manual,100.0
MORELLINO,SANGIOVESE,manual,100.0
PRUGNOLO GENTILE,SANGIOVESE,manual,100.0
GRENACHE,GARNACHA TINTA,manual,100.0
GRENACHE NOIR,GARNACHA TINTA,manual,100.0
GARNACHA,GARNACHA TINTA,manual,100.0
CARIGNAN,CARIGNAN NOIR,manual,100.0
MAZUELO,CARIGNAN NOIR,manual,100.0
TEMPRANILLO TINTA DEL PAIS,TEMPRANILLO TINTO,manual,100.0
TINTA DEL PAIS,TEMPRANILLO TINTO,manual,100.0
ULL DE LLEBRE,TEMPRANILLO TINTO,manual,100.0
CENCIBEL,TEMPRANILLO TINTO,manual,100.0
TINTO FINO,TEMPRANILLO TINTO,manual,100.0
PERIQUITA,CASTELAO,manual,100.0
JOAO DE SANTAREM,CASTELAO,manual,100.0
CASTELAO FRANCES,CASTELAO,manual,100.0
LEMBERGER,BLAUFRAENKISCH,manual,100.0
BLAUER LIMBERGER,BLAUFRAENKISCH,manual,100.0
FRANKOVKA,BLAUFRAENKISCH,manual,100.0
KEKFRANKOS,BLAUFRAENKISCH,manual,100.0
UGNI BLANC,TREBBIANO TOSCANO,manual,100.0
SAINT EMILION,TREBBIANO TOSCANO,manual,100.0
CHABLIS,CHARDONNAY BLANC,manual,100.0
PINOT CHARDONNAY,CHARDONNAY BLANC,manual,100.0
CHENIN,CHENIN BLANC,manual,100.0
STEEN,CHENIN BLANC,manual,100.0
PINEAU DE LA LOIRE,CHENIN BLANC,manual,100.0
ALBARINO,ALVARINHO,manual,100.0
ALBARIÑO,ALVARINHO,manual,100.0
PLAVAC MALI,PLAVAC MALI CRNI,manual,100.0
MN 1094,MINNESOTA 1094,manual,100.0
MN 1019,MINNESOTA 1019,manual,100.0
MN 1016,MINNESOTA 1016,manual,100.0
RAVAT 262,RAVAT NOIR,manual,100.0
RAVAT262,RAVAT NOIR,manual,100.0
RIESLING,RIESLING WEISS,manual,100.0
GAMAY,GAMAY NOIR,manual,100.0
MERLOT,MERLOT NOIR,manual,100.0
ARAMON,ARAMON NOIR,manual,100.0
CHARDONNAY,CHARDONNAY BLANC,manual,100.0
SILVANER,SILVANER GRUEN,manual,100.0
BARBERA,BARBERA NERA,manual,100.0
KADARKA,KADARKA KEK,manual,100.0
CIOTAT,CHASSELAS CIOUTAT,synonym (CIOTAT),100.0
THOMPSON SEEDLESS,SULTANINA,synonym (THOMPSON SEEDLESS),100.0
VERDELHO,VERDELHO BRANCO,synonym (VERDELHO),100.0
RUSSIAN SEEDLESS,BLACK MONUKKA,synonym (RUSSIAN SEEDLESS),100.0
CANNER,CANNER SEEDLESS,synonym (CANNER),100.0
KHALILI,KHALILI BELYI,synonym (KHALILI),100.0
MEMORY OF QUEEN ELIZABETH,ERZSEBET KIRALYNE EMLEKE,synonym (MEMORY OF QUEEN ELIZABETH),100.0
WHITE CORINTH,KORINTHIAKI LEFKI,synonym (WHITE CORINTH),100.0
VALDEPENAS,TEMPRANILLO TINTO,synonym (VALDEPENAS),100.0
HAN UZYUM,BERDAKI,synonym (HAN UZYUM),100.0
SUPHRIS GORULA,GORULA,synonym (SUPHRIS GORULA),100.0
ADREULI SKELKANA,ADREULI TKHELKANA,synonym (ADREULI SKELKANA),100.0
RIBIER,RIBIER NOIR,synonym (RIBIER),100.0
LANDOT 4511,LANDOT NOIR,synonym (LANDOT 4511),100.0
RKAZITELI,RKATSITELI,synonym (RKAZITELI),100.0
CAMPBELL,EARLY GOLDEN,synonym (CAMPBELL),100.0
BURDIN 7575,BURDIN  7375,synonym (BURDIN  7575),100.0
KARMRAJUT,KARMRAHYUT,synonym (KARMRAJUT),100.0
HUMBERT 3,HUMBERT-CHAPON 3,synonym (HUMBERT 3),100.0
PIERCE,ISABELLA (4N),synonym (PIERCE),100.0
LENOIR,OHIO,synonym (LENOIR),100.0
LAKEMONT,LAKEMONT SEEDLESS,synonym (LAKEMONT),100.0
FRAMBOISE,TROYEN,synonym (FRAMBOISE),100.0
CRIOLLA MESA,CRIOLLA GRANDE SANJUANINA,synonym (CRIOLLA MESA),100.0
BLACK CORINTH,KORINTHIAKI MAVRO,synonym (BLACK CORINTH),100.0
NIAGARA ROSADA,NIAGARA RED,synonym (NIAGARA ROSADA),100.0
LAMPHEARE,MUSCAT HAMBURG,synonym (LAMPHEARE),100.0
JEFFERSON,IONA,synonym (JEFFERSON),100.0
GERVAN,HIMROD,synonym (GERVAN),100.0
FALLOW,CAMPBELL EARLY,synonym (FALLOW),100.0
BOAL DOCE,BOAL BRANCO,synonym (BOAL DOCE),100.0
BURGER,MONBADON,synonym (BURGER),100.0
LADIKINAH,LADIKINO,synonym (LADIKINAH),100.0
VERDEJO,VERDEJO BLANCO,synonym (VERDEJO),100.0
SIRVAN SAHI,SHIRVAN SHAKHI,synonym (SIRVAN SAHI),100.0
PINOT ST. GEORGE,NEGRETTE,synonym (PINOT ST. GEORGE),100.0
REFOSCO,TERRANO,synonym (REFOSCO),100.0
ROUSSEAU,PINOT BLANC,synonym (ROUSSEAU),100.0
TINTA MIUDA,GRACIANO,synonym (TINTA MIUDA),100.0
SEYVE VILLARD 5-247,SEYVAL NOIR,synonym (SEYVE VILLARD 5-247),100.0
GALIBERT 1286,GALIBERT COULONDRE   128-  6,synonym (GALIBERT 1286),100.0
WHITE RIESLING,RIESLING WEISS,synonym (RIESLING WHITE),100.0
COUDERC 7120,COUDERC NOIR,synonym (7120 COUDERC),100.0
EARLY CATAWBA,CATAWBA EARLY,prime name,100.0
GALIBERT 238-35,GALICOUL NOIR,synonym (GALIBERT   238- 35),96.7741935483871
CHASSELAS JAUNCE CIRE,CHASSELAS BLANC,synonym (CHASSELAS JAUNE CIRE),97.5609756097561
PETIT MANSENG,MANSENG PETIT BLANC,synonym (PETIT MANSENG),100.0
BONARDA,UVA RARA,synonym (BONARDA),100.0
EARLY BURGUNDY,PORTUGIESER BLAU,synonym (EARLY BURGUNDY),100.0
MUJURETULI,ALEXANDROOULI,synonym (MUJURETULI),100.0
TINTA MADEIRA,MOLAR,synonym (TINTA MADEIRA),100.0
TRINCADEIRO BRANCO,TRINCADEIRA BRANCA,synonym (TRINCADEIRO BRANCO),100.0
BEIHUNG,BEIHONG,synonym (BEIHUNG),100.0
SEIBEL 4643,ROI DES NOIRS,synonym (SEIBEL 4643),100.0
SEIBEL 14.514,DATTIER PRECOCE DE SEIBEL,synonym (SEIBEL 14514),96.0
LANDOT 244,LANDAL,synonym (244 LANDOT),100.0
BERTILLE SEYVE 5563,GENERAL,synonym (BERTILLE SEYVE  5563),100.0
BLUE BOY,COOK,synonym (BLUE BOY),100.0
PAUL REVERE,CONCORD,synonym (PAUL REVERE),100.0
PELOURSIN,PELOURSIN NOIR,synonym (PELOURSIN),100.0
PINOT,PINOT NOIR,synonym (PINOT),100.0
HIBRON BLANC,XYNISTERI,synonym (HIBRON BLANC),100.0
CONSTANTIA,ISABELLA,synonym (CONSTANTIA),100.0
NERELLO CALABRESE,NERELLO MASCALESE,synonym (NERELLO CALABRESE),100.0
TIEFENBACH,RICHTER  44,synonym (TIEFENBACH),100.0
ST. GEORGE,AGIORGITIKO,synonym (ST. GEORGE),100.0
WALLIS GIANT,CONCORD (4N),synonym (WALLIS GIANT),100.0
VARATURA,CONCORD,synonym (VARATURA),100.0
RED ROUMI,HENAB TURKI,synonym (ROUMI RED),100.0
SEEDLESS EMPEROR,EMPEROR SEEDLESS,prime name,100.0
BLACK PRINCE,SCHIAVA GROSSA,synonym (BLACK PRINCE),100.0
CHASSELAS NAPOLEON,BICANE,synonym (CHASSELAS NAPOLEON),100.0
MONUKKA,BLACK MONUKKA,synonym (MONUKKA),100.0
MUSCAT GROS NOIR HATIF,MUSCAT NOIR HATIF,synonym (MUSCAT GROS NOIR HATIF),100.0
ESPARTE,MONASTRELL,synonym (ESPARTE),100.0
MAMMOLO,COJONA,synonym (MAMMOLO),100.0
RULANDER,PINOT NOIR,synonym (RULANDER),100.0
TALIA,SAMARRINHO,synonym (TALIA),100.0
BACO 37-16,DOURIOU,synonym (BACO 37-16),100.0
MILLARDET 219A,MILLARDET ET GRASSET  219 A,synonym (219-A MILLARDET),96.55172413793105
ISLAND BELLE,FREDONIA,synonym (ISLAND BELLE),100.0
CIMINNITA,OLIVETTE BLANCHE,synonym (CIMINNITA),100.0
KHUSAINE RED,KHUSAINE KRASNYI,synonym (KHUSAINE RED),100.0
NIUNAI,KHUSAINE BELYI,synonym (NIUNAI),100.0
ARGANT,GAENSFUESSER BLAU,synonym (ARGANT),100.0
HASSAINE,KHUSAINE KADU,synonym (HASSAINE),100.0
ZWEIGELT-REBE,ZWEIGELTREBE BLAU,synonym (ZWEIGELTREBE),96.0
CORNICHON,OLIVETTE NOIRE,synonym (CORNICHON),100.0
MUSCAT BOWOOD,MUSCAT OF ALEXANDRIA,synonym (BOWOOD MUSCAT),100.0
PAIS,LISTAN PRIETO,synonym (PAIS),100.0
WHITE TOKAY,MUSCAT OF ALEXANDRIA,synonym (WHITE TOKAY),100.0
BUAKI,CHASSELAS BLANC,synonym (BUAKI),100.0
SLANKAMENKA,SLANKAMENKA BELA,synonym (SLANKAMENKA),100.0
GLENFELD,CONCORD WHITE,synonym (GLENFELD),100.0
TOURIGA,TOURIGA NACIONAL,synonym (TOURIGA),100.0
STEIN,CHENIN BLANC,synonym (STEIN),100.0
BASTARDO,MOLAR,synonym (BASTARDO),100.0
MUSCAT BLANC,MUSCAT A PETITS GRAINS BLANCS,synonym (MUSCAT BLANC),100.0
WALTHAM CROSS,AFUS ALI,synonym (WALTHAM CROSS),100.0
CHAOUCH,TSAOUSSI,synonym (CHAOUCH),100.0
SULTANINA ROSE,KISHMISH ROZOVYI,synonym (SULTANINA ROSE),100.0
FLAME TOKAY,AHMEUR BOU AHMEUR,synonym (FLAME TOKAY),100.0
FEHER SZAGOS,EZERJO,synonym (FEHER SZAGOS),100.0
MEZES,HONIGLER,synonym (MEZES),100.0
MUSCADELLE DE BORDELAIS,MUSCADELLE,synonym (MUSCADELLE DE BORDELAIS),100.0
PETITE BOUSCHET,BOUSCHET PETIT,prime name,96.55172413793105
PROSECCO TONDO,GLERA,synonym (PROSECCO TONDO),100.0
SEYVE VILLARD 12375,VILLARD BLANC,synonym (12375 SEYVE VILLARD),100.0
COUDERC 299-35,MUSCAT DU MOULIN,synonym (299-35 COUDERC),100.0
OBERLIN 595,OBERLIN NOIR,synonym (595 OBERLIN),100.0
GUNGARGOON,HAITA,synonym (GUNGARGOON),100.0
GRUNER VELTLINGER,VELTLINER GRUEN,synonym (VELTLINER GRUNER),96.96969696969695
RED MALAGA,MOLINERA,synonym (MALAGA RED),100.0
CHARBONO,CORBEAU,synonym (CHARBONO),100.0
CHASSELAS DORE,CHASSELAS COULARD,synonym (CHASSELAS DORE),100.0
FRESIA,MALVASIA BIANCA LUNGA,synonym (FRESIA),100.0
GAMAY TEINTURIER,GAMAY TEINTURIER FREAUX,synonym (GAMAY TEINTURIER),100.0
MORTAGUA,TOURIGA NACIONAL,synonym (MORTAGUA),100.0
MAZADE,BERLANDIERI MAZADE,synonym (MAZADE),100.0
KISHMISH EARLY,NAOSE,synonym (KISHMISH EARLY),100.0
PERLE DE CSABA,CSABA GYOENGYE,synonym (PERLE DE CSABA),100.0
BAIDH UL HAMAN,BEIDH EL HAMMAN,synonym (BAIDH UL HAMAN),100.0
ENGLISH COLOSSAL,MONASTRELL,synonym (ENGLISH COLOSSAL),100.0
FOSTER'S SEEDLING,FOSTER'S WHITE SEEDLING,synonym (FOSTER'S SEEDLING),96.96969696969695
PERLA DI CSABA,CSABA GYOENGYE,synonym (PERLA DI CSABA),100.0
QUEEN OF THE VINEYARD,KOENIGIN DER WEINGAERTEN,synonym (QUEEN OF THE VINEYARD),100.0
ROSAKI,PARMAK CERVEN,synonym (ROSAKI),100.0
ROZOVII KISHMISH,KISHMISH ROZOVYI,synonym (ROZOVII KISHMISH),100.0
SCHIRADZOULI BLANC,TEBRIZI,synonym (SCHIRADZOULI BLANC),100.0
TOKAY,BLACK ALICANTE,synonym (TOKAY),100.0
CHAUCHE NOIR,TROUSSEAU NOIR,synonym (CHAUCHE NOIR),100.0
HISAKASY,GYULYABI BELYI,synonym (HISAKASY),100.0
MURETO,MALVASIA PRETA,synonym (MURETO),100.0
SAUVIGNON VERT,SAUVIGNON BLANC,synonym (SAUVIGNON VERT),100.0
CLAIRETTE DE LIMOUX,CLAIRETTE BLANCHE,synonym (CLAIRETTE DE LIMOUX),100.0
CLEVNER MARIAFELD,PINOT NOIR,synonym (CLEVNER MARIAFELD),100.0
GROS COLMAN,DODRELYABI,synonym (COLMAN GROS),100.0
GROS MAROC,MAROC GROS,prime name,100.0
BERZAMINA,MARZEMINO,synonym (BERZAMINA),100.0
BONVEDRO,PARRALETA,synonym (BONVEDRO),100.0
CARIGNANE,GARNACHA TINTA,synonym (CARIGNANE),100.0
CRUJIDERO,BEBA,synonym (CRUJIDERO),100.0
MONTANACCIO,SCIACCARELLO,synonym (MONTANACCIO),100.0
MUSCAT CANELLI,MUSCAT A PETITS GRAINS BLANCS,synonym (MUSCAT CANELLI),100.0
SYLVANER,SILVANER GRUEN,synonym (SYLVANER),100.0
WHEELER,CONCORD,synonym (WHEELER),100.0
MCADAMS,RIPARIA WICHITA,synonym (MCADAMS),100.0
RHAZAKI,AFUS ALI,synonym (RHAZAKI),100.0
DUC DE MALAKOFF,CHASSELAS BLANC (4N),synonym (DUC DE MALAKOFF),100.0
KANDAHAR,KANDAHARI SAFID,synonym (KANDAHAR),100.0
MUSCAT FLAME,MUSCAT OF ALEXANDRIA,synonym (MUSCAT FLAME),100.0
PRINCE OF WALES,PINCE'S BLACK,synonym (PRINCE OF WALES),100.0
SULTANA,SULTANINA,synonym (SULTANA),100.0
KLEINBERGER,HEUNISCH WEISS,synonym (KLEINBERGER),100.0
RIESLING ITALICO,WELSCHRIESLING,synonym (RIESLING ITALICO),100.0
TINTA CAIADA,PARRALETA,synonym (TINTA CAIADA),100.0
PALOMINO,PALOMINO FINO,synonym (PALOMINO),100.0
SPANNA,NEBBIOLO,synonym (SPANNA),100.0
TROUSSEAU,TROUSSEAU NOIR,synonym (TROUSSEAU),100.0
OPPENHEIM 4,SELEKTION OPPENHEIM 4,synonym (OPPENHEIM 4),100.0
HUSSEIVE,KHUSAINE BELYI,synonym (HUSSEIVE),100.0
BEQUIGNOL,FER,synonym (BEQUIGNOL),100.0
TERRA PROMESSA,NEHELESCOL,synonym (TERRA PROMESSA),100.0
PEARL OF ZOLA,ZALA GYOENGYE,synonym (PEARL OF ZOLA),100.0
HENAB,HENAB TURKI,synonym (HENAB),100.0
GAMAY ROND,GAMAY NOIR,synonym (GAMAY ROND),100.0
JOHANNISBURG RIESLING,RIESLING WEISS,synonym (JOHANNISBERG RIESLING),95.23809523809524
GLOIRE,RIPARIA GLOIRE DE MONTPELLIER,synonym (GLOIRE),100.0
HONGJIXIN,HONG JI XIN,synonym (HONGJIXIN),100.0
SEIBEL 14514,DATTIER PRECOCE DE SEIBEL,synonym (SEIBEL 14514),100.0
RANNY VIRA,RANNII VIRA,synonym (RANNY VIRA),100.0
HUNISA,HOENUESUE,synonym (HUNISA),100.0
LUGLIENGA,LUGLIENGA BIANCA,synonym (LUGLIENGA),100.0
FRENCH COLOMBARD,COLOMBARD,synonym (FRENCH COLOMBARD),100.0
NITODEL,NITODAL,synonym (NITODEL),100.0
TROLLINGER,SCHIAVA GROSSA,synonym (TROLLINGER),100.0
GAMAY FREUX,GAMAY TEINTURIER FREAUX,synonym (GAMAY FREAUX),95.65217391304348
CIPRO NERO,CYPERNTRAUBE,synonym (CIPRO NERO),100.0
CHENIN NOIR,PINEAU D'AUNIS,synonym (CHENIN NOIR),100.0
GRECO DI TUFO,GRECO BIANCO DI TUFO,synonym (GRECO DI TUFO),100.0
LIMBERGER,BLAUFRAENKISCH,synonym (LIMBERGER),100.0
MOURISCO,MOURISCO (NON IDENTIFIED),synonym (MOURISCO),100.0
PETITE SYRAH,SYRAH,synonym (PETITE SYRAH),100.0
TEINTURIER MALE,TEINTURIER,synonym (TEINTURIER MALE),100.0
SIEGFRIED,SIEGFRIEDREBE,synonym (SIEGFRIED),100.0
BLACK DAMASCUS,BLACK MOROCCO,synonym (BLACK DAMASCUS),100.0
BLAUE ELBE,ELBLING ROT,synonym (BLAUE ELBE),100.0
COLA TAMBURO,BOMBINO BIANCO,synonym (COLA TAMBURO),100.0
MUSCADELLE DU BORDELAIS,MALVASIA AROMATICA DI PARMA,synonym (MUSCADELLE DU BORDELAIS),100.0
PINOT FIN,PINOT NOIR,synonym (PINOT FIN),100.0
CHARDONNAY MUSQUE,CHARDONNAY BLANC MUSQUE,synonym (CHARDONNAY MUSQUE),100.0
BLAUER FRUHEBURGUNDER,PINOT PRECOCE NOIR,synonym (BLAUER FRUEHBURGUNDER),95.23809523809524
DORADILLO,PALOMINO FINO,synonym (DORADILLO),100.0
BURGRAVE,BURGRAVE DE HONGRIE,synonym (BURGRAVE),100.0
MORESCONO,NIEDDU MANNU,synonym (MORESCONO),100.0
MONDEUSE,MONDEUSE NOIRE,synonym (MONDEUSE),100.0
MOSCATO BIANCO,MUSCAT A PETITS GRAINS BLANCS,synonym (MOSCATO BIANCO),100.0
BACCHUS,CLINTON,synonym (BACCHUS),100.0
CHASSELAS MICHEL TOMPA,TOMPA MIHALY,synonym (CHASSELAS MICHEL TOMPA),100.0
MAGLIASINA,HARTFORD,synonym (MAGLIASINA),100.0
101-14 MGT,MILLARDET ET GRASSET  101- 14,synonym (101-14 MGT),100.0
MOSCATEL GALEGO,MOSCATEL GALEGO TINTO,synonym (MOSCATEL GALEGO),100.0
SOUZAO,DONZELINHO TINTO,synonym (SOUZAO),100.0
BLACK SPANISH,BLACK ALICANTE,synonym (BLACK SPANISH),100.0
HIMRISNKY,GRACIANO,synonym (HIMRISNKY),100.0
KORENTE,CAPE CURRANT,synonym (KORENTE),100.0
HUMAGNE,HUMAGNE BLANCHE,synonym (HUMAGNE),100.0
JOAO SANTAREM,CASTELAO,synonym (JOAO SANTAREM),100.0
MAVRODAPHNE,MAVRODAPHNI,synonym (MAVRODAPHNE),100.0
PROSECCO LUNGO,BELA DINKA,synonym (PROSECCO LUNGO),100.0
TROJA,UVA DI TROIA,synonym (TROJA),100.0
HAKIKI,AKIKI,synonym (HAKIKI),100.0
FER SERVADOU,FER,synonym (FER SERVADOU),100.0
KISHMISH KRASNYI TURKMENSKII,NAOSE,synonym (KISHMISH KRASNYI TURKMENSKII),100.0
KING,GOLDEN CLINTON,synonym (KING),100.0
MALVASIA DEL CHIANTI,MALVASIA BIANCA LUNGA,synonym (MALVASIA DEL CHIANTI),100.0
NEIRETTA,SYRAH,synonym (NEIRETTA),100.0
KUHLMANN 477-1,CLAIRE KUEHLMANN,synonym (KUHLMANN 477-1),100.0
SEIBEL 9549,DE CHAUNAC,synonym (SEIBEL 9549),100.0
HERMAN GOETHE 9,GOETHE   9,synonym (HERMANN GOETHE 9),96.7741935483871
BOAL CACHUDO,BOAL VENCEDOR,synonym (BOAL CACHUDO),100.0
GAMAY HATIF DES VOSGES,GAMAY PRECOCE NOIR,synonym (GAMAY HATIF DES VOSGES),100.0
GREEN VELTLINER,VELTLINER GRUEN,synonym (GREEN VELTLINER),100.0
HERMANN JAEGER,JAEGER,synonym (HERMANN JAEGER),100.0
OPPENHEIM #4,SELEKTION OPPENHEIM 4,synonym (OPPENHEIM 4),95.65217391304348
MOURISCO BRANCO,CAYETANA BLANCA,synonym (MOURISCO BRANCO),100.0
CHASSELAS JAUNE CIRE,CHASSELAS BLANC,synonym (CHASSELAS JAUNE CIRE),100.0
DATTIER,AFUS ALI,synonym (DATTIER),100.0
PETIT VERDOT,PINOT NOIR,synonym (PETIT VEROT),95.65217391304348
MAMMOLO TOSCANO,SCIACCARELLO,synonym (MAMMOLO TOSCANO),100.0
INTERLAKEN,INTERLAKEN SEEDLESS,synonym (INTERLAKEN),100.0
NOIR D'AUTOMNE,OSENNII CHERNYI,synonym (NOIR D'AUTOMNE),96.2962962962963
BECLAN,BECLAN PETIT,synonym (BECLAN),100.0
LAGRAIN,LAGREIN,synonym (LAGRAIN),100.0
PETIT BOUSCHET,BOUSCHET PETIT,prime name,100.0
FRANKENTHAL BLANC,ELBLING WEISS,synonym (FRANKENTHAL BLANC),100.0
ALULU,PARMAK CERVEN,synonym (ALULU),100.0
BLAUER SPATBURGUNDER,PINOT NOIR,synonym (BLAUER SPAETBURGUNDER),97.5609756097561
ERBALUCE,ERBALUCE BIANCA,synonym (ERBALUCE),100.0
MUELLER-THURGAU,MUELLER THURGAU WEISS,synonym (MUELLER-THURGAU),100.0
MRS. PRINCE'S BLACK MUSCAT,PINCE'S BLACK,synonym (MRS. PINCE'S BLACK MUSCAT),96.0
CHATAQUA,CHAUTAUQUA,synonym (CHATAQUA),100.0
TSCHILACI,KANDAHARI SIAH,synonym (TSCHILACI),100.0
KARA LAKANA,LAHANA KARA,synonym (KARA LAKANA),100.0
CHASSELAS ROSE ROYAL,CHASSELAS ROSE,synonym (CHASSELAS ROSE ROYAL),100.0
MUSCAT CAILLABA,MUSCAT A PETITS GRAINS NOIRS,synonym (MUSCAT CAILLABA),100.0
MORIO MUSCAT,MORIO MUSKAT,synonym (MORIO MUSCAT),100.0
EARLY WONDER,FIOLETOVYI RANNII,synonym (EARLY WONDER),100.0
SYRIAN,NEHELESCOL,synonym (SYRIAN),100.0
NEBBIOLO FINO,NEBBIOLO DU PIEMONT,synonym (NEBBIOLO FINO),100.0
JOHN VIOLA,BETA,synonym (JOHN VIOLA),100.0
MUSCAT OF HUNGARY,PECSI SZAGOS,synonym (MUSCAT OF HUNGARY),100.0
COUDERC 18-815,CASTEL   188- 15,synonym (COUDERC 18-815),100.0
COUDSI,DABOUKI,synonym (COUDSI),100.0
TINTA MOLE,MOLAR,synonym (TINTA MOLE),100.0
BLACK KISHMISH,KISHMISH CHERNYI,synonym (BLACK KISHMISH),100.0
KYOHO,KYOHO (4N),synonym (KYOHO),100.0
SENATOR,FRUEHGIPFLER,synonym (SENATOR),100.0
VIRGINIA,CYNTHIANA,synonym (VIRGINIA),100.0
ATHENS C,ATHENS,synonym (ATHENS C),100.0
JERUSALEM,NEHELESCOL,synonym (JERUSALEM),100.0
HARSLEVELU,HARSLEVELUE,tier1_auto,95.0
HOSSZUNYELU,HOSSZUNYELUE,tier1_auto,95.0
KEKNYELU,KEKNYELUE,tier1_auto,95.0
SIBIRKOVY,SIBIRKOVYI,tier1_auto,95.0
YALOVA CEKIRDEKSIZ,YALOVA CEKIRDEKSIZI,tier1_auto,95.0
MUSKATELLER GELB,MUSKATELLER GELBER,tier1_auto,95.0
PLAVAI,PLAVAIE,tier1_auto,95.0
HUMAGNE BLANC,HUMAGNE BLANCHE,tier1_auto,95.0
PRIETO PICUDO,PRIETO PICUDO TINTO,tier1_auto,95.0
PLAVINA,PLAVINA CRNA,tier1_auto,95.0
TORTOZON,TORTOZONA TINTA,tier1_auto,95.0
BACHET,BACHET NOIR,tier1_auto,95.0
REDONDAL,REDONDAL BLANC,tier1_auto,95.0
RAZAKLIJA,RAZAKLIJA CRNA,tier1_auto,95.0
PELOURSIN N,PELOURSIN NOIR,tier1_auto,95.0
ASKERI,ASKERI SARI,tier1_auto,95.0
BALINT,BALINT WEISS,tier1_auto,95.0
JAVOR GROSS,JAVOR GROSS WEISS,tier1_auto,95.0
MALVASIA DI SARDEGNA,MALVASIA DI SARDEGNA ROSADA,tier1_auto,95.0
MOSCATEL DE HAMBURGO,MOSCATEL DE HAMBURGO BRANCO,tier1_auto,95.0
HUBBARD,HUBBARD SEEDLESS,tier1_auto,95.0
NIAGARA BRANCA,NIAGARA BRANCA OVAL,tier1_auto,95.0
SULTANINA BIANCA,SULTANINA BIANCA DI RODI,tier1_auto,95.0
FRAPPATO,FRAPPATO DI VITTORIA,tier1_auto,95.0
ZAGARESE,ZAGARESE DI PUGLIA,tier1_auto,95.0
MANTONICO NERO,MANTONICO NERO INZENGA,tier1_auto,95.0
CALLET CAS CONCOS,CALLET CAS CONCOS BLANCO,tier1_auto,95.0
VITOUSKA,VITOUSKA GARGANIJA,tier1_auto,95.0
DARANYI IGNAC,DARANYI IGNAC MUSKOTALY,tier1_auto,95.0
BENEDICTO FALSO,BENEDICTO FALSO DE ARAGON,tier1_auto,95.0
CRIOLLA GRANDE,CRIOLLA GRANDE SANJUANINA,tier1_auto,95.0
DAPHNI,DAPHNIA,tier1_auto,95.0
MUSCATE,MUSCATEDDU,tier1_auto,95.0
BELDI,BELDI CT2,tier1_auto,95.0
EKIM KARA FAUX,EKIM KARA FAUX (COLLECTION CONEGLIANO),tier1_auto,95.0
VITIS BERLANDIERI,VITIS BERLANDIERI PLANCHON,tier1_auto,95.0
VITIS CALIFORNICA,VITIS CALIFORNICA BENTHAM,tier1_auto,95.0
VITIS CANDICANS,VITIS CANDICANS ENGELMANN,tier1_auto,95.0
VITIS CINEREA,VITIS CINEREA ENGELMANN VAR. CINEREA,tier1_auto,95.0
VITIS DOANIANA,VITIS DOANIANA MUNSON,tier1_auto,95.0
VITIS GIRDIANA,VITIS GIRDIANA MUNSON,tier1_auto,95.0
VITIS MONTICOLA,VITIS MONTICOLA BUCKLEY,tier1_auto,95.0
VITIS SHUTTLEWORTHII,VITIS SHUTTLEWORTHII HOUSE,tier1_auto,95.0
TEMPRANILLO,TEMPRANILLO TINTO,tier2_auto,95.0
SAUVIGNON,SAUVIGNON BLANC,tier2_auto,95.0
SEYVAL,SEYVAL BLANC,tier2_auto,95.0
CORVINA VERONE,CORVINA VERONESE,tier2_auto,95.0
COARNA ALB,COARNA ALBA,tier2_auto,95.0
TRESSOT,TRESSOT NOIR,tier2_auto,95.0
POULSARD,POULSARD NOIR,tier2_auto,95.0
ARAMON N,ARAMON NOIR,tier2_auto,95.0
RIBOLLA,RIBOLLA GIALLA,tier2_auto,95.0
COURBU,COURBU BLANC,tier2_auto,95.0
LOUREIRO,LOUREIRO BLANCO,tier2_auto,95.0
TOPAZ,TOPAZE,tier2_auto,95.0
ZWEIGELT,ZWEIGELTREBE BLAU,tier2_auto,95.0
MUSCAT A PETITS GRAINS,MUSCAT A PETITS GRAINS BLANCS,tier2_auto,95.0
CANAIOLO,CANAIOLO NERO,tier2_auto,95.0
MAUZAC,MAUZAC BLANC,tier2_auto,95.0
ALFROCHEIRO PRETO,ALFROCHEIRO,lacombe_manual,100.0
BRAGHINA,BRAGHINA ALBA,lacombe_manual,95.0
AUBIN,AUBIN VERT,lacombe_manual,95.0
CAINHO,CAINHO DA TERRA,lacombe_manual,90.0
ALIGOTÉ,ALIGOTE,lacombe_manual,100.0
ARINTO DO DÃO,ARINTO,lacombe_manual,90.0
ARINTO DO DAO,ARINTO,lacombe_manual,90.0
SULTANINE,SULTANINA,lacombe_manual,97.0
