prime_name,vivc_id,region
Agourane,1898,Unknown
Trad Fakas,3758,Unknown
Amessasse,1892,Unknown
Trad Monica femelle (Tunisie),3223,Unknown
Amir Ishak Ben El-Heit,3698,Unknown
Trad Outanant,2000,Unknown
Aneb Ahl El-Heit,3687,Unknown
Aneb Ahl Siari,3755,Unknown
Aneb bou Bezzoul,1897,Unknown
Aneb Mayssen,3754,Unknown
Trad Plant du Maroc E (Collection Meknès),2158,Unknown
Aneb Merouane Sami,3757,Unknown
Aneb Tarik,3753,Unknown
Trad Sbaa Tolba,3704,Unknown
Bezoul el Kelba,1899,Unknown
Trad Tinjdhafte,3752,Unknown
Bou Qsob faux,1994,Unknown
Avesso,2830,Unknown
Collection Torres S.A.),3790,Unknown
Blanca temprana Almeria,1973,Unknown
Bobal,29,Unknown
Collection Torres S.A.),3787,Unknown
Corropio,3831,Unknown
Doradilla,1414,Unknown
Collection Torres S.A.),3145,Unknown
Esganinho,3203,Unknown
Fernandella,3762,Unknown
Trad Planta mula,1364,Unknown
Fonte Cal,3201,Unknown
Trad Rabigato du Douro,2498,Unknown
Gateta,1363,Unknown
Trad Ratiño,3827,Unknown
Malvasia candida,3584,Unknown
Trad Ribote rose,3310,Unknown
Malvasia de Joncosa-de-Montmell,3795,Unknown
Santanera,3582,Unknown
Trad Sercial,1532,Unknown
Moravia agria,3579,Unknown
Trad Tinta castellõa,1540,Unknown
Panella,3305,Unknown
Trad Uva Cão,567,Unknown
Pedro Luis,1975,Unknown
Trad Verdelho tinto,3205,Unknown
Alabar,2010,Western Europe
Trad Grassen,110,Western Europe
Arbane,219,Western Europe
Trad Impérial (Collection Antibes),3511,Western Europe
Barbaroux,668,Western Europe
Trad Mancin,1216,Western Europe
Barducis,835,Western Europe
Mod Mauzac faux de Cahuzac,357,Western Europe
Blanc Auba,344,Western Europe
Vincentelli-Andréï),3085,Western Europe
Blancorna,240,Western Europe
Brustiano,122,Western Europe
Trad Plant d'Arrat,3094,Western Europe
Cayam,3106,Western Europe
Trad Plant de Montans (Daydé),3104,Western Europe
Corbeau,157,Western Europe
Cremilla,3080,Western Europe
Trad Pointu,191,Western Europe
Cruixen = Pampolat girat,3087,Western Europe
Trad San Antoni,40,Western Europe
Cualtacciu,3050,Western Europe
Trad Sauvaget noir,106,Western Europe
Estaca saouma,31,Western Europe
Trad Vintaïu,3070,Western Europe
Genovèse,121,Western Europe
Bondola,3483,Western Europe
Trad Rouge des Hombes,3771,Western Europe
Königstraube,2148,Western Europe
Trad Tantovina,1620,Western Europe
Orléans jaune,1577,Western Europe
Trad Wildrebe von Bauer,3477,Western Europe
Abbuoto,2363,Western Europe
Trad Gros rouge,3327,Western Europe
Albaranzeuli bianco,2342,Western Europe
Trad Lambrusco di Sorbara,2045,Western Europe
Angiola,1347,Western Europe
Trad Lambrusco viadanese,2351,Western Europe
Ansonica = Insolia,1307,Western Europe
Trad Luglienga blanc faux,3335,Western Europe
Arneis,2391,Western Europe
Trad Lumassina,3312,Western Europe
Arvesiniadu,2364,Western Europe
Trad Marsigliana nera,1968,Western Europe
Asprinio,1332,Western Europe
Trad Minnella bianca,2059,Western Europe
Avarengo,2218,Western Europe
Trad Montu,2050,Western Europe
Bellone,1338,Western Europe
Trad Negrara veronese = Negronza,2036,Western Europe
Bibiola,784,Western Europe
Trad Nerello Cappuccio,1321,Western Europe
Bonamico,1354,Western Europe
Trad Neretta cuneese,2404,Western Europe
Bonarda piemontese,1275,Western Europe
Trad Nuragus = Semidano,2022,Western Europe
Bracciola nera,2368,Western Europe
Trad Ortrugo,2040,Western Europe
Calabrese = Nero d'Avola,1316,Western Europe
Trad Pallagrello bianco,3334,Western Europe
Calatamuro nero,3191,Western Europe
Trad Pedevenda,1292,Western Europe
Canina nera,2369,Western Europe
Trad Perini nera,3322,Western Europe
Casetta,3181,Western Europe
Trad Piccolit,1308,Western Europe
Cesanese comune,1334,Western Europe
Trad Plassa,2219,Western Europe
Colombano faux,3179,Western Europe
Trad Rosetta di montagna,3323,Western Europe
Corbina vicentina o nostrana,1280,Western Europe
Trad Rossignola,1296,Western Europe
Corniola nera,1249,Western Europe
Trad Sagrantino,3574,Western Europe
Cortese,1256,Western Europe
Trad San Lorenzo,3575,Western Europe
Croa rosso,3175,Western Europe
Trad Sciascinoso,1331,Western Europe
Croatina,1278,Western Europe
Trad Sgavetta,2357,Western Europe
Dolcetto,1244,Western Europe
Trad Trebbiano Emiliano,3333,Western Europe
Doux d'Henry,2217,Western Europe
Trad Trebbiano spoletino,2414,Western Europe
Erbaluce,1337,Western Europe
Trad Trippa di bo rosso,3315,Western Europe
Falanghina,2400,Western Europe
Trad Uva di Trojanero,3338,Western Europe
Fiano,1260,Western Europe
Trad Verdea noir,3339,Western Europe
Forcellina,1283,Western Europe
Trad Verdealbara,3325,Western Europe
Frühe Meraner,3183,Western Europe
Trad Verduzzo friulano,1302,Western Europe
Fumin,2371,Western Europe
Trad Verduzzo trevigiano,2359,Western Europe
Grechetto,2375,Western Europe
Trad Vernaccia di San Gimignano,2360,Western Europe
Grechetto di Todi faux,3259,Western Europe
Greco bianco,2373,Western Europe
Greco di Tufo,1273,Western Europe
Grignolino,2041,Western Europe
Aptiche aga,61,Eastern Europe
Trad Galbena de Odobesti,2136,Eastern Europe
Badacsonyi Somzölö,82,Eastern Europe
Trad Gamza de Varna,2427,Eastern Europe
Burgrave de Hongrie,465,Eastern Europe
Trad Revellioti,3449,Eastern Europe
Cioinic,2241,Eastern Europe
Trad Velika,3418,Eastern Europe
Coada vulpii,2242,Eastern Europe
Aïdani faux (Collection Torres S.A.),3683,Balkan Peninsula
Mavrostypho,2292,Balkan Peninsula
Trad Mavrotragano,2291,Balkan Peninsula
Aïdani mavro,1788,Balkan Peninsula
Trad Okatac faux,3639,Balkan Peninsula
Amfioni,2987,Balkan Peninsula
Trad Pardala,3389,Balkan Peninsula
Ampelakiotico galano,2988,Balkan Peninsula
Trad Poikilias Archanes B mavro-kokkino,3714,Balkan Peninsula
Araklinos,1805,Balkan Peninsula
Asprouda de Santorini,1799,Balkan Peninsula
Trad Poikilias Fourfouras K mavro,3740,Balkan Peninsula
Athiri lefko (Kotinis),3002,Balkan Peninsula
Corinthe blanc,1803,Balkan Peninsula
lefko,3711,Balkan Peninsula
Debit = Puljïzanac,1638,Balkan Peninsula
Trad Potamissio,2306,Balkan Peninsula
Dermatas,269,Balkan Peninsula
Trad Rudezusa,1636,Balkan Peninsula
Hebron blanc,1675,Balkan Peninsula
Trad Serifiotico noir,3387,Balkan Peninsula
Kouroupitsa,2285,Balkan Peninsula
Trad Steinschiller weisser,1579,Balkan Peninsula
Kroustalli,1768,Balkan Peninsula
Trad Strophyliatico,2318,Balkan Peninsula
Kujundzusa,1651,Balkan Peninsula
Trad Tsambato,2321,Balkan Peninsula
Luna nera,3640,Balkan Peninsula
Trad Voudomato,2323,Balkan Peninsula
Malagousia,3397,Balkan Peninsula
Trad Zante blanc (Collection Ravaz),3385,Balkan Peninsula
Maloukato,2289,Balkan Peninsula
Malvasia istriana,1844,Balkan Peninsula
Maratheftico,2167,Balkan Peninsula
Agadaï,2189,Balkan Peninsula
Trad Lialmigui,2844,Balkan Peninsula
Ak ouzioum tagapskii,2897,Balkan Peninsula
Trad Mesisti,3439,Balkan Peninsula
Alburla,1606,Balkan Peninsula
Trad Nassau,3642,Balkan Peninsula
Dili kaftar,3159,Balkan Peninsula
Trad Pavlo izyum,3436,Balkan Peninsula
Dondglabi noir (Collection Kichinev),3675,Balkan Peninsula
Rindjaga,2855,Balkan Peninsula
Trad Vigne sauvage faux (Collection Kichinev),3430,Balkan Peninsula
Kolossié gebirgig,3433,Balkan Peninsula
Koutlaksky belyi,3160,Balkan Peninsula
Trad Zorevoi,3442,Balkan Peninsula
Ag Kiourdach faux (Collection Kichinev),2842,Caucasus
Odjalechi faux,3598,Caucasus
Trad Odjaleschi,2226,Caucasus
Alexandroouli,2500,Caucasus
Trad Öküzgözü,2099,Caucasus
Ambary,2993,Caucasus
Trad Oussakheloouri,2662,Caucasus
Arna-guirna,2899,Caucasus
Trad Peygamber üzümü,2340,Caucasus
Avassirkhva,2499,Caucasus
Trad Rosaky rose faux,3403,Caucasus
Bayan Shirei,2271,Caucasus
Trad Sapéré otskhanouri faux,2655,Caucasus
Bogazkere,2104,Caucasus
Trad Skhilatubani,3599,Caucasus
Boudechouri tcherny,2685,Caucasus
Trad Tavkveri,1218,Caucasus
Doppel Augen,3151,Caucasus
Trad Tsolikouri,2668,Caucasus
Emir,3659,Caucasus
Trad Tzitzka,2667,Caucasus
Gantziandan,2902,Caucasus
Trad Vigne blanche (Collection Ravaz),3291,Caucasus
Glycostaphyllo,1685,Caucasus
Horoz karasi,2106,Caucasus
Krakhouna,2638,Caucasus
Lkeny chernyi,2640,Caucasus
Matrassa,2642,Caucasus
Mgaloblichvili,2643,Caucasus
Müsküle,2625,Caucasus
Achlamiche,2991,Near East
Trad Fayoumi = Belz-el-Anza,1760,Near East
Ahmar,1713,Near East
Trad Hweidi,3597,Near East
Assali al arous,583,Near East
Trad Kasoufi de la Bekaa,1715,Near East
Bayadi de Syrie,2997,Near East
Trad Medouar,3381,Near East
Chahnani,1744,Near East
Trad Obeidi,1718,Near East
Chami abiad,3221,Near East
Dourbali,3217,Near East
Trad Sebai assouad,2179,Near East
A Kalatchel,2076,Near East
Trad Peïneri,3596,Near East
Askari noir,2088,Near East
Trad Sahilii,2078,Near East
Khindogny,2664,Near East
Trad Schiradzouli = Tebrizi,1736,Near East
Malahy,3238,Near East
Trad Yhsouh ali,2077,Near East
Bakhtiori,156,Near East
Trad Obak biely,2650,Near East
Chirai obak,1186,Near East
Trad Porsi Shekerek,3647,Near East
Golodan,3600,Near East
Trad Soïaki,2657,Near East
Itchkimar biely,2845,Near East
Trad Sourkhak biely,2856,Near East
Kandahari siah,1746,Near East
Kara ouzume Aschkhabadsky,2276,Near East
Nimrang rouge,2736,Near East
Ramming),3617,Near East
Mod July Muscat,2282,Near East
Christmas rose,2876,Near East
Mod Red globe,2877,Near East
Obak blanc faux,3263,Near East
Perrier noir,180,Near East
