vivc_prime_name,ssr_VVMD5,ssr_VVMD7,ssr_VVMD25,ssr_VVMD27,ssr_VVMD28,ssr_VVMD32,ssr_VVS2,ssr_source
BOR KARA,225/238,247/249,248/254,178/184,216/247,251/271,141/149,Lacombe et al. 2013
CALCUTTA BIANCA,234/238,249/249,248/254,176/182,243/247,249/261,149/149,Lacombe et al. 2013
ALTESSE,234/234,247/247,240/248,178/182,233/243,239/271,131/149,Lacombe et al. 2013
CARNEIRO,229/234,247/249,240/240,176/182,243/276,265/265,131/141,Lacombe et al. 2013
AZAL AZEDO,223/234,239/243,240/254,182/191,233/267,239/239,131/135,Lacombe et al. 2013
BRUNI 840,223/234,239/247,244/248,184/191,243/243,271/271,131/147,Lacombe et al. 2013
CHAMBEAUDIERE  540,225/238,247/247,240/254,176/186,216/235,239/271,131/133,Lacombe et al. 2013
TCHUBERI,223/234,239/249,244/248,191/191,257/257,251/271,141/149,Lacombe et al. 2013
BURGRAVE DE HONGRIE,229/236,243/249,254/254,180/191,243/247,249/271,135/141,Lacombe et al. 2013
DUBOVSKII,223/223,249/249,240/254,176/186,235/257,249/261,131/135,Lacombe et al. 2013
COUDERC     3,234/238,239/253,238/240,176/182,243/257,249/273,133/139,Lacombe et al. 2013
BLANQUEDONZELLE,232/234,239/239,240/254,182/191,233/257,255/271,141/143,Lacombe et al. 2013
ACEITUNA,223/236,239/247,238/240,191/191,247/276,263/271,131/151,Lacombe et al. 2013
ACITANA,223/236,253/257,248/254,176/186,235/247,251/271,141/149,Lacombe et al. 2013
CROMATELLA,234/234,247/247,240/254,178/178,235/235,271/271,133/153,Lacombe et al. 2013
APOI KHAGOG,223/236,239/243,240/240,178/191,243/259,249/271,131/143,Lacombe et al. 2013
AL TOPAK,225/238,239/239,238/238,176/186,227/235,239/271,131/135,Lacombe et al. 2013
ATTIGNO BIANCO,225/234,247/249,254/262,182/182,235/263,249/271,133/149,Lacombe et al. 2013
ARNON,223/236,249/255,238/254,182/182,243/243,251/271,131/133,Lacombe et al. 2013
AK KALTAK,223/234,247/253,240/266,186/188,243/257,255/271,131/149,Lacombe et al. 2013
COUDERC   201- 80,232/236,247/255,238/244,176/182,243/257,249/251,131/149,Lacombe et al. 2013
ADAGO,219/229,239/239,238/254,186/186,233/235,239/271,133/149,Lacombe et al. 2013
COUDERC    84- 18,232/236,249/253,238/238,182/191,243/243,249/251,131/143,Lacombe et al. 2013
BLAUFRAENKISCH,223/229,239/262,254/258,178/186,235/267,239/239,133/141,Lacombe et al. 2013
CAMPO DEL POZZO,223/238,239/249,244/254,176/191,243/257,255/261,135/153,Lacombe et al. 2013
CANDOLLE,229/229,239/262,240/254,182/186,233/243,239/271,131/153,Lacombe et al. 2013
ARGVETULA SAPERE,225/232,239/257,248/254,176/182,216/245,239/271,141/149,Lacombe et al. 2013
BANJUSKA,225/234,239/249,240/254,178/191,235/243,261/271,131/133,Lacombe et al. 2013
BACO NOIR,229/234,247/247,254/254,182/182,216/243,239/271,133/141,Lacombe et al. 2013
COT,223/225,239/239,240/254,176/191,233/243,239/255,141/143,Lacombe et al. 2013
COUDERC    89- 23,234/236,249/249,248/254,176/182,247/267,271/271,133/133,Lacombe et al. 2013
AMOKRANE,223/225,249/249,238/248,182/186,263/267,239/239,137/149,Lacombe et al. 2013
DUC D'ANJOU,223/234,239/249,240/240,178/186,235/257,249/271,131/131,Lacombe et al. 2013
ALDEN,223/225,253/255,254/254,176/191,247/259,251/263,131/141,Lacombe et al. 2013
COELEBS,229/238,239/249,248/254,172/182,233/233,239/239,137/153,Lacombe et al. 2013
BOLERAT BLANC,223/238,239/257,240/254,176/191,233/235,251/255,141/143,Lacombe et al. 2013
ADELINE,238/244,239/247,238/240,178/191,233/247,263/271,131/151,Lacombe et al. 2013
ARINTHO,223/234,243/257,240/248,182/186,216/233,251/271,131/149,Lacombe et al. 2013
BEDONA,225/234,249/249,248/254,176/182,233/267,251/263,131/133,Lacombe et al. 2013
COE,223/229,239/249,240/240,178/186,235/245,239/239,131/131,Lacombe et al. 2013
CASTEL 15428,232/236,239/253,238/240,176/191,216/257,249/271,139/143,Lacombe et al. 2013
ARENAL,229/232,239/251,240/248,191/191,233/267,263/271,143/147,Lacombe et al. 2013
CLAIRETTE BLANCHE,236/238,243/251,244/254,178/182,257/257,255/271,149/151,Lacombe et al. 2013
ARBORAS,232/244,233/249,238/244,176/176,243/257,249/271,131/141,Lacombe et al. 2013
BRONZE,232/234,249/249,244/248,176/178,257/257,255/259,141/147,Lacombe et al. 2013
COUDERC   121,236/244,243/249,240/244,182/191,245/257,249/271,147/151,Lacombe et al. 2013
CHATYRBAK,225/229,239/245,240/254,189/191,243/274,251/255,133/143,Lacombe et al. 2013
COUDERC   136- 04,236/238,253/255,248/254,182/191,243/243,255/271,133/149,Lacombe et al. 2013
ALICANTE BOUSCHET X PIQUEPOUL GRIS 8,232/236,249/257,248/254,176/186,227/233,271/271,141/149,Lacombe et al. 2013
ALIGOTE ROUGE,225/232,239/243,248/254,176/186,227/235,239/271,141/149,Lacombe et al. 2013
ACIKIRAN,229/234,253/257,240/248,176/191,243/257,239/261,131/131,Lacombe et al. 2013
COUGET,234/236,243/249,238/240,182/191,243/267,271/271,131/131,Lacombe et al. 2013
DOBRA,234/234,249/249,240/254,176/182,233/267,271/271,133/153,Lacombe et al. 2013
COUDERC    74- 17,232/238,233/249,248/254,180/191,243/243,249/271,131/149,Lacombe et al. 2013
ALGEMRE KIRMIZI,232/236,239/243,238/248,178/186,227/235,249/271,131/149,Lacombe et al. 2013
ARBARA,223/238,249/253,254/270,182/182,247/259,249/251,137/149,Lacombe et al. 2013
BERTILLE SEYVE   822,234/236,249/253,248/254,178/191,227/233,255/271,141/141,Lacombe et al. 2013
AVGOUSTIATIS,223/238,249/262,238/254,178/178,227/245,249/257,131/145,Lacombe et al. 2013
ALBA MAGNA,232/236,243/249,248/254,176/186,227/235,271/271,141/149,Lacombe et al. 2013
BOTELHEIRA,225/236,239/239,238/240,178/191,235/247,263/271,131/151,Lacombe et al. 2013
COUDERC   146- 41,223/232,247/249,238/240,182/184,247/259,251/271,131/131,Lacombe et al. 2013
CRISTAL,225/225,233/239,238/254,182/191,216/243,239/271,131/133,Lacombe et al. 2013
CONCORDIA,223/229,249/249,240/240,176/186,243/247,239/271,131/151,Lacombe et al. 2013
CONFOISI,223/229,249/255,240/254,178/191,233/259,247/255,133/143,Lacombe et al. 2013
BROCTON,236/238,233/247,240/244,176/176,243/257,261/261,141/147,Lacombe et al. 2013
CRIMPOSIE,223/238,239/249,240/254,180/191,243/243,239/249,131/135,Lacombe et al. 2013
COUDERC   122- 20,229/232,243/253,248/254,191/191,233/243,249/273,128/147,Lacombe et al. 2013
ALJAMI,225/232,239/257,240/254,172/176,245/247,255/271,131/131,Lacombe et al. 2013
COUDERC   582-  4,223/225,239/239,238/248,176/186,227/247,239/251,131/149,Lacombe et al. 2013
BRUNI 906,232/234,247/253,248/254,176/191,243/243,271/271,133/149,Lacombe et al. 2013
CASTEL  5938,232/238,249/253,248/248,182/191,247/257,251/259,149/149,Lacombe et al. 2013
ALVILHA,223/232,239/249,238/254,176/186,245/267,239/239,131/153,Lacombe et al. 2013
COT PRECOCE DE TOURS,223/236,239/239,238/238,176/186,233/245,239/271,137/137,Lacombe et al. 2013
CASTEL  6736,223/225,247/249,238/240,182/191,247/259,263/271,131/143,Lacombe et al. 2013
ALBANINA NERA,232/236,239/243,248/254,176/186,216/227,239/249,141/149,Lacombe et al. 2013
CASTEL  2041,223/229,239/249,238/254,176/178,245/247,271/271,141/149,Lacombe et al. 2013
BURDIN  4655,232/234,247/253,240/248,176/178,216/233,249/271,131/149,Lacombe et al. 2013
COUDERC  2859,225/234,245/249,238/254,182/191,257/274,255/271,133/135,Lacombe et al. 2013
COUDERC   215- 17,223/232,249/255,248/254,182/182,243/247,259/271,133/149,Lacombe et al. 2013
DELAWARE WHITE,229/238,249/257,240/248,186/186,235/247,249/251,131/149,Lacombe et al. 2013
COUDERC   215- 19,229/236,239/243,248/254,182/182,233/243,261/271,131/135,Lacombe et al. 2013
AT BOGRY,225/236,239/247,240/254,176/182,243/263,251/271,149/153,Lacombe et al. 2013
ABROFI,223/232,243/247,240/240,176/178,233/257,239/255,131/143,Lacombe et al. 2013
COUDERC   162-  5,223/234,239/249,240/248,176/182,233/267,257/271,131/153,Lacombe et al. 2013
ALSACIEN,234/236,239/257,238/248,172/186,235/243,239/273,137/149,Lacombe et al. 2013
BRATKOVINA BIJELA,236/244,239/249,248/254,184/186,247/259,251/257,141/141,Lacombe et al. 2013
BERTILLE SEYVE  2846,229/234,243/247,238/240,176/182,233/245,251/261,131/143,Lacombe et al. 2013
COUDERC  1613- 57,236/236,243/247,238/248,176/191,235/247,251/271,131/147,Lacombe et al. 2013
CARIGNAN BLANC,223/238,249/249,238/248,172/182,243/257,249/261,131/141,Lacombe et al. 2013
BURNET,223/238,249/249,254/254,176/182,247/259,249/251,149/149,Lacombe et al. 2013
ASPIRAN GRIS,223/236,243/249,238/254,176/191,233/247,239/251,131/135,Lacombe et al. 2013
CHERGVALI,229/229,239/239,240/240,176/186,227/267,239/263,131/143,Lacombe et al. 2013
CHERKERO TSIBIL,229/229,239/249,240/248,176/176,227/243,239/271,131/143,Lacombe et al. 2013
DIXIE,229/238,239/239,240/244,176/191,243/257,271/271,143/151,Lacombe et al. 2013
COUDERC   216-  2,223/232,233/249,240/254,176/180,233/247,261/271,131/135,Lacombe et al. 2013
ATSLIZH,234/236,247/249,238/254,178/182,253/259,249/251,131/149,Lacombe et al. 2013
BURDIN  4555,232/238,253/253,248/254,178/191,216/243,249/255,139/149,Lacombe et al. 2013
ATTILIO RAGIONIERI,225/236,239/249,254/262,176/182,259/263,249/271,149/149,Lacombe et al. 2013
DOGRU CUBUK,225/236,239/251,248/254,176/191,243/259,263/271,147/149,Lacombe et al. 2013
BEL CASTEL,236/238,249/253,248/254,182/191,243/243,255/271,133/149,Lacombe et al. 2013
BABAL,225/238,239/247,240/254,186/191,216/235,239/255,131/133,Lacombe et al. 2013
CALLO,234/236,243/249,238/240,178/191,233/259,255/271,133/143,Lacombe et al. 2013
CARCAGNETTO,236/244,239/247,240/248,176/178,235/257,271/271,139/149,Lacombe et al. 2013
BOVERY,225/244,239/239,238/254,178/191,235/247,255/263,131/133,Lacombe et al. 2013
CORVINA GENTILE,229/238,243/249,248/248,176/178,227/245,271/271,141/149,Lacombe et al. 2013
COUDERC   175,223/234,239/249,240/254,176/178,233/233,251/255,135/143,Lacombe et al. 2013
BOEGRUEL KARA,229/236,239/239,238/258,178/182,235/257,239/251,131/133,Lacombe et al. 2013
CHAOUCH ROZOVYI,232/234,243/243,244/256,182/191,234/257,249/259,139/153,Lacombe et al. 2013
ALTINTAS,223/238,249/253,238/240,176/186,233/247,239/251,131/131,Lacombe et al. 2013
ALOGLU,223/236,239/239,238/248,178/186,233/257,251/271,131/149,Lacombe et al. 2013
ARIZUL,223/225,239/249,254/254,178/186,227/245,251/263,141/141,Lacombe et al. 2013
AL HAGHI,223/236,243/247,248/254,178/191,227/235,271/271,133/149,Lacombe et al. 2013
COUDERC    64- 19,229/232,239/257,238/248,186/186,227/233,239/271,135/149,Lacombe et al. 2013
AHMEH SAL A PEPIN,223/238,239/249,240/254,186/191,257/257,255/271,131/141,Lacombe et al. 2013
AGHBIZH,223/223,239/243,238/266,176/186,247/257,239/249,131/141,Lacombe et al. 2013
ANGELA,225/225,233/243,248/248,182/191,216/267,271/271,131/149,Lacombe et al. 2013
DZHURA USYUM,229/236,257/262,248/254,186/186,233/233,251/271,141/149,Lacombe et al. 2013
CALDARESE NERO,236/238,249/253,254/254,176/182,243/259,251/261,149/149,Lacombe et al. 2013
BRESANO,223/238,239/239,238/240,176/178,233/235,255/271,131/133,Lacombe et al. 2013
ARHE ZEINAH,239/244,239/239,238/254,178/191,235/235,263/271,131/133,Lacombe et al. 2013
CORREDERA,234/238,247/257,254/254,182/186,216/233,239/271,141/141,Lacombe et al. 2013
ADELAIDE,223/236,243/249,238/240,176/191,235/257,239/239,131/131,Lacombe et al. 2013
COUDERC  1203,223/234,247/247,240/254,186/191,227/243,239/271,133/151,Lacombe et al. 2013
ATURKUZH,234/234,247/247,254/254,182/182,243/243,251/271,133/133,Lacombe et al. 2013
COUDERC   337- 50,223/229,239/239,248/254,178/186,227/257,239/239,145/149,Lacombe et al. 2013
BORDE,225/229,239/239,238/238,186/186,233/233,239/239,131/137,Lacombe et al. 2013
BORDO,225/229,239/239,238/248,186/186,235/267,239/239,137/149,Lacombe et al. 2013
BORGESA NERA,225/229,239/262,238/248,186/188,233/267,239/251,137/149,Lacombe et al. 2013
ALJIBE,229/238,239/239,238/248,172/186,233/235,239/239,137/149,Lacombe et al. 2013
DURASA,223/238,239/249,238/262,172/186,233/243,239/239,137/149,Lacombe et al. 2013
COUDERC  6055,232/234,243/249,254/262,182/182,233/257,251/271,133/149,Lacombe et al. 2013
COUDERC   404,223/225,239/249,238/238,176/178,227/263,251/255,131/131,Lacombe et al. 2013
BOERNER,219/223,239/262,254/254,178/186,233/235,239/239,141/149,Lacombe et al. 2013
CORBEAU,223/236,239/239,240/248,188/191,233/243,239/251,143/149,Lacombe et al. 2013
BLEFANO,234/238,239/249,240/254,178/186,235/257,239/239,131/141,Lacombe et al. 2013
AMBECON,234/236,239/243,238/248,172/186,233/243,239/239,137/149,Lacombe et al. 2013
CASTEL   196- 17,234/236,243/253,240/248,178/186,233/235,251/271,143/149,Lacombe et al. 2013
BURDIN  4650,229/232,239/239,246/248,191/191,216/243,249/273,141/149,Lacombe et al. 2013
CONCORD CHASSELAS,225/236,247/249,248/254,178/191,243/243,251/271,133/147,Lacombe et al. 2013
ARAMONT,225/236,239/239,240/240,178/182,243/247,251/271,131/143,Lacombe et al. 2013
ABKHASURA SHARI,223/225,239/239,240/254,178/182,247/257,249/251,141/143,Lacombe et al. 2013
CSOKONAI,223/232,239/239,240/248,178/188,227/243,239/249,131/149,Lacombe et al. 2013
COUDERC    85-  1,234/236,249/255,254/254,176/182,243/267,271/271,133/133,Lacombe et al. 2013
ALLAIR,223/236,239/262,238/254,172/186,235/247,239/239,137/145,Lacombe et al. 2013
CURNICCHIA,223/236,239/257,248/254,176/186,235/247,239/255,141/149,Lacombe et al. 2013
BOJANKA BELA,234/236,243/257,240/254,176/178,235/247,251/251,141/143,Lacombe et al. 2013
EARLY DELMONICO,223/234,239/239,248/254,180/182,257/257,251/255,141/155,Lacombe et al. 2013
ANDIZHANSKII CHERNYI,234/236,239/243,248/248,172/186,227/233,239/239,131/149,Lacombe et al. 2013
CRUINO,229/234,245/249,238/254,182/191,239/243,251/271,133/133,Lacombe et al. 2013
BEYAZIREK,223/223,239/249,254/254,176/176,227/235,249/251,141/149,Lacombe et al. 2013
COUDERC  4986,223/223,239/262,240/254,176/182,227/233,251/255,131/141,Lacombe et al. 2013
COUDERC PINEAU,232/236,239/249,248/254,176/182,233/259,251/263,141/141,Lacombe et al. 2013
CAROLINE BURY,225/229,249/251,238/248,176/186,243/243,257/271,133/147,Lacombe et al. 2013
ALBANELLO,225/225,243/253,248/254,182/191,216/259,263/271,141/149,Lacombe et al. 2013
JINESHI,225/234,239/253,240/248,176/176,216/257,249/271,131/147,Lacombe et al. 2013
DOMENECH,238/238,239/239,238/238,180/186,257/257,255/271,131/137,Lacombe et al. 2013
BRETON BLANC,225/236,247/249,248/254,176/180,257/257,251/271,133/149,Lacombe et al. 2013
AUWI SAFID,225/238,239/243,248/248,176/186,243/243,271/271,149/149,Lacombe et al. 2013
COUDERC    82- 12,225/236,243/247,238/240,182/186,227/267,239/239,131/135,Lacombe et al. 2013
CONCORD,225/236,239/239,240/248,182/182,216/247,239/255,143/149,Lacombe et al. 2013
ARGAMUSA,225/234,239/247,240/254,182/186,216/267,239/239,131/141,Lacombe et al. 2013
ARNASCA,223/225,247/257,248/254,186/186,235/257,239/271,133/149,Lacombe et al. 2013
ZEINI BALADI,234/236,233/243,238/254,176/182,233/247,239/271,135/141,Lacombe et al. 2013
BIBORKADARKA,223/234,247/262,240/240,176/180,233/245,251/251,131/131,Lacombe et al. 2013
ABBRUZZESE BIANCA,223/223,243/247,238/248,176/178,227/233,255/261,131/131,Lacombe et al. 2013
ARAMON BOUSCHET 9,223/236,243/247,240/248,176/186,227/259,249/255,131/131,Lacombe et al. 2013
BABA HASSAN,225/234,239/243,238/240,176/182,257/267,239/263,131/131,Lacombe et al. 2013
BABATE,225/232,239/239,238/240,178/180,235/257,261/261,131/141,Lacombe et al. 2013
ABOQUEL BLANCO,223/229,239/249,240/262,176/188,227/257,255/261,135/149,Lacombe et al. 2013
ABSHILURI,234/244,239/247,240/248,178/182,216/235,239/263,131/141,Lacombe et al. 2013
BERTILLE SEYVE   413,223/229,239/249,240/248,182/186,257/263,239/239,131/149,Lacombe et al. 2013
COUNOISE,229/236,239/253,248/254,178/186,233/233,239/255,141/149,Lacombe et al. 2013
AUXERROIS,234/236,247/255,238/254,176/182,227/259,251/251,131/133,Lacombe et al. 2013
COUDERC  3311,225/244,239/253,244/254,180/180,235/257,251/261,143/147,Lacombe et al. 2013
BERKI JOZSEF,223/234,247/251,240/244,176/182,216/257,239/271,131/151,Lacombe et al. 2013
COUDERC  2627- 11,236/238,243/249,238/248,176/182,227/267,271/271,135/149,Lacombe et al. 2013
BUIST,234/238,243/249,238/248,176/182,233/257,271/271,135/141,Lacombe et al. 2013
BABACAN AZEZI,225/236,247/247,240/254,182/186,216/235,239/271,141/153,Lacombe et al. 2013
AHUMAT,223/225,239/243,238/248,176/182,243/267,255/261,131/149,Lacombe et al. 2013
ALLIANA BIANCA,225/236,239/262,238/248,186/188,233/267,239/251,131/149,Lacombe et al. 2013
ANGELICA NERA,223/238,239/249,240/254,178/186,243/257,239/255,131/141,Lacombe et al. 2013
AMBER QUEEN,223/236,243/247,248/248,182/188,233/235,239/271,131/149,Lacombe et al. 2013
AMASYA,223/229,239/243,248/262,182/182,257/257,255/255,149/149,Lacombe et al. 2013
COUDERC    24,229/238,239/257,240/240,176/191,243/257,239/261,131/143,Lacombe et al. 2013
CASTEL  6961,223/238,239/249,238/238,182/182,259/259,249/263,131/131,Lacombe et al. 2013
COUDERC  1305,225/225,249/249,240/248,186/191,243/267,255/263,131/147,Lacombe et al. 2013
BOTTONINO BIANCO,236/238,239/249,238/238,176/178,233/233,247/263,131/131,Lacombe et al. 2013
COUDERC  4306,229/238,243/247,248/248,178/186,227/235,251/271,149/149,Lacombe et al. 2013
ALBEMARLE,223/244,239/249,238/240,178/182,243/257,251/255,131/137,Lacombe et al. 2013
ATALAYA,232/234,247/249,240/244,176/180,257/257,249/271,133/149,Lacombe et al. 2013
CROXU GUSSU,234/236,243/247,238/240,182/186,243/245,251/251,131/143,Lacombe et al. 2013
ALARIJE,223/232,249/253,238/254,176/182,243/245,255/271,131/153,Lacombe et al. 2013
ALB EL TAIR,236/238,239/243,248/254,178/186,216/245,239/271,131/149,Lacombe et al. 2013
COMPLEXA,229/232,249/249,244/254,180/182,235/257,271/271,147/149,Lacombe et al. 2013
DALMASSO 15-28,223/229,247/249,238/248,182/182,243/257,271/271,131/147,Lacombe et al. 2013
COMMANDEUR,225/232,239/249,240/244,176/182,216/257,239/271,131/149,Lacombe et al. 2013
ALEXANDROOULI,232/244,243/249,244/254,176/180,243/257,271/271,133/141,Lacombe et al. 2013
CHAMSAR SAFID,229/234,247/249,240/248,176/182,243/267,239/263,141/147,Lacombe et al. 2013
HASTAKOT,234/234,247/249,240/248,176/182,233/243,255/273,135/141,Lacombe et al. 2013
COMTE ODART,223/229,239/249,248/248,182/191,233/267,271/271,133/147,Lacombe et al. 2013
COUDERC   219,223/232,233/239,254/254,180/182,243/257,261/271,131/133,Lacombe et al. 2013
BARBABLEU,223/225,243/251,238/248,176/176,243/247,251/263,131/131,Lacombe et al. 2013
COSMO  95,232/232,247/249,238/254,176/178,235/243,249/271,133/143,Lacombe et al. 2013
DAVIS K 51- 32,225/236,239/243,248/248,186/186,216/235,239/271,135/149,Lacombe et al. 2013
CHUKURAK,223/236,249/253,254/270,182/191,233/259,251/251,137/149,Lacombe et al. 2013
BASAR KARA,236/236,243/247,238/254,176/176,233/235,271/271,133/135,Lacombe et al. 2013
BON LAURENT,232/236,243/253,254/254,178/182,233/259,251/271,141/149,Lacombe et al. 2013
CROATINA BIANCA,232/236,239/253,240/254,176/178,247/257,251/271,141/143,Lacombe et al. 2013
DARWIN,225/234,239/239,238/248,176/191,235/257,251/271,131/149,Lacombe et al. 2013
AUBUN,225/236,239/239,238/248,176/178,227/235,255/271,131/141,Lacombe et al. 2013
BREGIN NOIR,238/244,239/249,248/254,176/178,233/245,249/263,141/141,Lacombe et al. 2013
CROATINA DI ROVESCALA,229/234,239/243,240/248,176/176,257/257,251/271,141/143,Lacombe et al. 2013
COLOSSO,225/225,247/249,248/248,182/191,234/243,271/271,147/149,Lacombe et al. 2013
COUDERC    96- 32,225/236,243/247,238/240,178/186,216/267,239/239,131/141,Lacombe et al. 2013
COUDERC  1206,223/236,239/243,248/254,176/178,235/245,271/271,133/141,Lacombe et al. 2013
BIANCU GENTILE,229/229,243/249,240/240,182/191,233/235,249/261,131/143,Lacombe et al. 2013
AMATOSA,229/236,257/262,248/254,176/178,235/247,239/251,141/149,Lacombe et al. 2013
ATAVITE,225/234,239/247,254/262,178/182,243/263,249/271,133/149,Lacombe et al. 2013
AZAREOU,234/236,239/243,240/254,182/191,257/267,239/273,131/133,Lacombe et al. 2013
ASPILLA,225/229,247/251,240/248,176/182,243/267,271/271,131/131,Lacombe et al. 2013
COUDERC   639- 15,223/225,247/249,240/254,182/186,243/257,255/261,131/141,Lacombe et al. 2013
ANCORAT,223/236,243/249,238/248,176/186,233/267,239/271,137/149,Lacombe et al. 2013
AHMET UEZUEMUE,223/225,239/249,238/240,176/186,227/243,239/271,131/135,Lacombe et al. 2013
CAILLAN BLANC,234/236,247/249,240/254,176/182,243/267,271/271,131/133,Lacombe et al. 2013
COSMO   4,223/234,239/247,238/240,182/184,227/243,239/239,131/137,Lacombe et al. 2013
COUDERC  3303,236/244,239/247,238/248,176/176,233/259,251/263,131/141,Lacombe et al. 2013
COERTUEK AZIZI,234/236,239/247,240/248,178/186,243/247,239/271,131/149,Lacombe et al. 2013
CLARISSA,223/225,239/257,248/254,186/186,227/227,249/251,141/149,Lacombe et al. 2013
COUDERC   199- 81,236/238,239/249,238/254,172/182,233/233,239/255,149/153,Lacombe et al. 2013
ALGARVIA,232/236,247/249,248/254,178/182,233/243,271/271,133/149,Lacombe et al. 2013
BEKTAS,225/236,243/243,238/240,176/191,247/257,239/251,131/131,Lacombe et al. 2013
DALMASSO 15-33,232/232,233/249,240/254,176/180,243/257,249/249,131/133,Lacombe et al. 2013
ALPHA,223/234,243/247,240/254,182/191,243/257,239/249,133/143,Lacombe et al. 2013
CLAYTON,225/234,239/249,238/248,191/191,216/257,249/251,133/149,Lacombe et al. 2013
BERTILLE SEYVE   893,223/223,239/243,254/254,182/191,247/257,239/271,133/135,Lacombe et al. 2013
COUDERC    92- 21,232/234,243/253,238/254,191/191,243/247,249/251,133/143,Lacombe et al. 2013
BURDIN  4517,234/234,243/249,238/254,178/191,247/257,251/271,131/133,Lacombe et al. 2013
AUGUSTA,229/238,239/249,240/248,178/186,247/267,239/251,131/131,Lacombe et al. 2013
COUDERC  1106,223/225,239/247,240/254,178/186,216/235,239/271,131/133,Lacombe et al. 2013
COUDERC    85-113,229/232,249/253,240/254,176/182,233/243,249/271,131/133,Lacombe et al. 2013
CORVINA ROTUNDA,236/236,239/249,254/254,182/191,243/253,255/271,133/133,Lacombe et al. 2013
BOURBOULENC,223/229,239/239,240/248,176/182,227/276,255/271,131/141,Lacombe et al. 2013
BARTLETT,236/236,233/247,238/248,176/176,243/247,239/271,135/147,Lacombe et al. 2013
ARIS (4N),223/232,239/249,254/254,176/178,233/245,239/251,141/141,Lacombe et al. 2013
COUDERC  7201,236/236,251/255,238/238,182/191,243/257,261/271,131/133,Lacombe et al. 2013
COUDERC  7502,223/232,239/249,238/254,182/182,243/257,251/261,131/133,Lacombe et al. 2013
DOLCIAME,223/234,239/239,238/238,186/188,227/233,239/239,137/137,Lacombe et al. 2013
CAMPBELL EARLY,232/236,239/251,238/254,182/191,247/257,261/271,131/133,Lacombe et al. 2013
BRATKOVINA CRNA,223/234,247/253,248/254,182/191,247/259,247/251,131/131,Lacombe et al. 2013
CASTEL  7229,234/238,247/249,238/248,191/191,227/259,251/263,131/131,Lacombe et al. 2013
BOU KHANZIR NOIR,234/236,239/247,238/254,176/191,216/235,271/271,133/135,Lacombe et al. 2013
ALPONOURA,229/234,239/243,248/248,182/186,233/243,239/239,131/149,Lacombe et al. 2013
CANDIVE BLANCHE,225/238,233/239,240/254,182/186,227/233,249/255,131/133,Lacombe et al. 2013
CELINE,225/234,239/262,240/254,182/182,235/243,255/271,131/141,Lacombe et al. 2013
BLAUFRAENKISCH (4N),234/238,239/247,240/240,176/178,235/243,239/271,131/143,Lacombe et al. 2013
COUDERC    97- 16,223/232,239/253,240/248,178/180,245/247,271/271,131/149,Lacombe et al. 2013
ALINE BURY,223/232,239/239,238/248,178/186,245/257,239/271,131/149,Lacombe et al. 2013
CHENANSON,229/234,239/249,248/254,176/191,247/267,257/263,131/133,Lacombe et al. 2013
COUDERC  1208,223/225,243/257,248/248,178/191,227/233,251/271,149/149,Lacombe et al. 2013
BARTHAINER GRUEN,223/236,247/251,248/254,182/191,235/243,251/271,131/133,Lacombe et al. 2013
AUGSTER BLAU,225/234,247/249,240/254,182/182,243/259,251/271,149/153,Lacombe et al. 2013
ALEXANDROULI TETRI,225/232,243/249,238/254,176/186,216/227,239/271,135/141,Lacombe et al. 2013
ASPIRAN BOUSCHET,225/225,243/253,238/238,176/182,235/243,255/255,131/131,Lacombe et al. 2013
COUDERC  1202,225/234,239/247,238/240,178/186,216/233,239/271,135/153,Lacombe et al. 2013
BAHNUESI,225/234,239/249,238/248,178/178,235/257,261/261,141/147,Lacombe et al. 2013
CARVALHAL ROVISCO,229/234,243/247,248/254,176/182,243/257,251/251,133/141,Lacombe et al. 2013
ABORIETRAUBE,223/238,239/249,238/240,176/191,227/247,263/271,131/151,Lacombe et al. 2013
COUDERC    87- 83,223/236,247/249,238/254,176/178,233/235,239/271,131/133,Lacombe et al. 2013
BANNER,223/229,243/251,240/240,182/182,233/267,249/261,131/143,Lacombe et al. 2013
CELLERINA,223/223,239/262,240/240,176/182,227/233,251/255,131/149,Lacombe et al. 2013
BONAPARTE,236/238,239/243,240/254,186/191,247/257,239/271,141/143,Lacombe et al. 2013
DEGIRMENCI,229/236,239/262,238/254,186/186,233/245,239/239,131/153,Lacombe et al. 2013
ALBARANZEULI BIANCO,232/236,239/249,238/238,178/186,216/245,239/271,131/135,Lacombe et al. 2013
ALBAROSSA,225/238,243/249,238/254,176/186,227/235,249/271,135/141,Lacombe et al. 2013
COMUN BLANCA,223/236,239/243,248/254,188/191,243/245,239/239,135/149,Lacombe et al. 2013
BERTILLE SEYVE  4176,223/229,249/253,240/254,176/191,235/247,249/257,131/141,Lacombe et al. 2013
BLOOD,219/238,239/249,254/262,176/191,233/257,239/271,141/149,Lacombe et al. 2013
CUZOVSKY,223/238,239/239,254/262,180/191,243/257,239/271,141/149,Lacombe et al. 2013
ALIGOTE,223/232,249/249,238/238,178/186,216/245,239/271,131/137,Lacombe et al. 2013
ALVARINHO LILAS,223/225,243/262,238/266,182/188,233/257,239/239,131/131,Lacombe et al. 2013
ACETO,232/238,239/243,240/254,178/191,233/257,255/271,141/143,Lacombe et al. 2013
AVANA,223/229,251/255,238/248,176/176,227/267,251/263,131/147,Lacombe et al. 2013
CANELA,232/238,239/239,240/254,176/178,243/257,239/271,141/143,Lacombe et al. 2013
CASALZE,229/236,247/249,240/248,180/191,267/267,255/271,131/147,Lacombe et al. 2013
CASTEL  6971,236/238,239/249,238/240,178/191,233/247,247/271,131/151,Lacombe et al. 2013
CHONDROSTAFIDA,232/236,239/249,254/254,176/176,235/243,249/271,133/133,Lacombe et al. 2013
CHAMPION AMBRE,225/236,243/247,254/254,176/186,216/235,239/271,133/141,Lacombe et al. 2013
COUDERC  1304,223/234,247/249,254/254,176/178,233/243,239/271,133/135,Lacombe et al. 2013
ARIMITO,223/225,239/249,248/254,178/186,227/235,251/271,135/149,Lacombe et al. 2013
CROTON,232/232,239/239,238/248,178/191,216/243,249/249,143/149,Lacombe et al. 2013
CASTEL  7501,223/244,239/239,238/254,176/178,227/235,263/271,131/133,Lacombe et al. 2013
COUDERC   802,223/236,239/249,238/254,176/182,257/267,239/255,131/141,Lacombe et al. 2013
CONCA D'ORO,232/238,243/243,240/240,191/191,227/243,239/249,131/143,Lacombe et al. 2013
ANGUR SIEKH KALON,223/232,239/243,248/270,178/180,235/243,239/249,137/149,Lacombe et al. 2013
COUDERC    87-115,225/236,249/257,238/248,178/186,216/247,263/271,135/149,Lacombe et al. 2013
COURBU BLANC,223/223,239/249,238/248,182/191,233/257,239/271,131/131,Lacombe et al. 2013
AGADAI,225/232,247/253,238/240,176/182,235/257,255/261,131/131,Lacombe et al. 2013
ASCERA NERA,225/234,247/253,240/254,182/182,235/257,255/261,131/141,Lacombe et al. 2013
BERTILLE SEYVE  5813,223/223,239/247,254/254,186/191,216/243,249/249,133/135,Lacombe et al. 2013
ABOURIOU,223/238,239/243,240/254,191/191,243/243,239/249,135/143,Lacombe et al. 2013
BEYLERCE,223/225,249/249,248/254,176/191,235/243,251/271,141/147,Lacombe et al. 2013
BONNET DE RETORD,225/234,247/257,240/248,176/186,233/263,251/271,131/149,Lacombe et al. 2013
DON DOMINGO,229/234,247/249,240/248,178/182,257/267,257/271,131/153,Lacombe et al. 2013
ALICANTE BOUSCHET X PIQUEPOUL GRIS 9,232/236,239/249,238/238,178/182,216/227,249/271,131/135,Lacombe et al. 2013
BERTILLE SEYVE  1127,234/236,239/262,238/248,182/186,227/247,239/239,131/137,Lacombe et al. 2013
AUGUSTA LUISE,223/234,247/255,238/254,176/182,227/243,251/271,131/133,Lacombe et al. 2013
COUDERC   338- 84,223/238,239/247,240/248,186/188,233/233,239/271,131/131,Lacombe et al. 2013
AMERSION,229/236,239/257,238/248,186/186,227/233,239/239,137/149,Lacombe et al. 2013
AMERICA,223/229,257/262,238/248,178/186,227/227,239/257,137/149,Lacombe et al. 2013
BERTILLE SEYVE   450,223/225,239/249,238/248,178/186,227/263,239/251,131/149,Lacombe et al. 2013
AUGUSTANA,236/236,247/249,254/254,178/182,243/259,249/251,133/149,Lacombe et al. 2013
ALVAREJA,223/238,239/249,238/254,186/186,247/257,239/239,131/141,Lacombe et al. 2013
ARNAVASSA,223/236,243/249,238/254,176/191,233/247,239/271,131/135,Lacombe et al. 2013
AK DODI,223/232,249/249,238/254,176/178,245/257,239/271,131/141,Lacombe et al. 2013
AK TEKEREK,232/234,247/249,254/254,176/188,243/245,255/271,141/149,Lacombe et al. 2013
ALACA KARA,225/238,249/262,248/254,178/186,235/245,249/271,141/149,Lacombe et al. 2013
ALZEY 23384,234/234,247/249,238/254,176/186,233/253,239/255,131/153,Lacombe et al. 2013
DATTIER DE ST. VALLIER,223/236,239/249,238/254,178/186,233/247,251/255,133/141,Lacombe et al. 2013
DELIZIA DI VAPRIO,232/238,239/259,240/240,178/178,239/243,243/255,143/143,Lacombe et al. 2013
CONTE ROSSO,225/232,239/239,238/238,186/191,235/247,255/271,131/131,Lacombe et al. 2013
COOK,225/229,239/249,248/254,186/191,243/243,239/271,131/141,Lacombe et al. 2013
CAGNA,229/229,239/247,248/248,176/182,243/257,261/261,141/141,Lacombe et al. 2013
CASCAROLO NERO,225/236,247/247,238/238,176/191,247/276,251/263,131/141,Lacombe et al. 2013
BOUQUETRIESLING,223/229,239/247,238/240,176/176,227/247,263/271,131/143,Lacombe et al. 2013
CHILYAKI BELYI LENINABADSKII,229/229,247/249,238/240,176/186,243/247,263/263,131/131,Lacombe et al. 2013
ECOLE MONTPELLIER 142,229/234,239/243,248/248,186/188,216/233,271/271,149/149,Lacombe et al. 2013
CROWN,225/232,243/249,244/254,182/191,243/243,249/257,133/153,Lacombe et al. 2013
CUNNINGHAM,229/238,239/249,238/254,186/191,243/247,255/257,133/133,Lacombe et al. 2013
ALUWE,223/234,243/253,248/254,182/186,243/257,255/261,131/149,Lacombe et al. 2013
COUDERC     8,225/229,239/253,244/248,178/191,243/243,249/273,141/147,Lacombe et al. 2013
BERTILLE SEYVE   540,232/238,243/253,248/254,182/191,234/243,249/255,139/149,Lacombe et al. 2013
COUDERC     9-   3,219/225,239/249,240/254,178/182,243/247,251/257,131/141,Lacombe et al. 2013
BLANC AUBA,225/229,239/239,238/248,176/186,247/267,263/263,131/131,Lacombe et al. 2013
BARMAK GELIN,229/234,247/251,248/254,182/191,233/243,239/263,131/141,Lacombe et al. 2013
BARTOLOMESA,229/236,243/249,238/248,176/176,233/243,271/271,135/147,Lacombe et al. 2013
BLANQUECINA,223/234,247/249,240/254,176/178,216/267,249/271,133/153,Lacombe et al. 2013
COUDERC    97- 95,229/234,249/249,240/254,176/180,267/267,255/271,131/133,Lacombe et al. 2013
BALATON VIRAGA,229/236,243/247,238/248,176/191,233/243,251/271,131/147,Lacombe et al. 2013
COUDERC    10,223/234,243/247,238/240,176/176,233/233,261/271,131/131,Lacombe et al. 2013
CHAJMKA,229/244,247/249,240/240,182/186,257/267,239/273,131/137,Lacombe et al. 2013
BOURECQ,223/229,239/249,240/254,176/186,235/257,255/271,141/143,Lacombe et al. 2013
CASE,223/232,239/249,238/240,178/191,227/247,271/271,131/151,Lacombe et al. 2013
BEKARI,223/225,239/255,240/254,182/186,243/259,263/271,131/133,Lacombe et al. 2013
CASTEL  7821,225/225,233/249,240/244,186/191,233/257,271/275,143/149,Lacombe et al. 2013
CHILYAKI CHERNYI,225/236,247/247,240/268,186/186,245/267,239/239,131/149,Lacombe et al. 2013
CHASSELAS OBERLIN,232/234,239/262,240/256,180/182,235/253,239/255,131/149,Lacombe et al. 2013
BRUN,234/234,239/247,240/240,178/186,216/267,239/271,131/153,Lacombe et al. 2013
ALVEY,223/232,239/239,238/248,176/178,245/267,239/271,131/149,Lacombe et al. 2013
ALVARIN NEGRA,232/236,239/262,238/248,186/188,233/245,239/251,149/149,Lacombe et al. 2013
BOUQUETSYLVANER,223/223,247/255,238/254,182/191,227/259,271/271,131/133,Lacombe et al. 2013
ARMARIE,223/223,243/257,248/248,176/178,227/245,251/263,131/149,Lacombe et al. 2013
CARIGNAN GRIS,234/238,233/249,254/270,176/176,233/235,251/255,141/147,Lacombe et al. 2013
CLAVERIE,225/229,243/257,248/254,178/191,235/243,251/271,141/149,Lacombe et al. 2013
COUDERC  3301,232/234,233/253,248/262,176/184,257/270,251/271,133/151,Lacombe et al. 2013
CUGLIOLA,229/229,243/249,238/248,191/191,233/267,263/271,131/131,Lacombe et al. 2013
CASTEL 15204,238/238,243/253,248/266,176/191,237/243,249/271,133/149,Lacombe et al. 2013
DONKICKA,234/236,243/249,240/240,176/178,243/259,249/249,131/131,Lacombe et al. 2013
ALVARDRAO BRANCO,223/229,239/245,240/248,176/182,233/257,255/257,139/149,Lacombe et al. 2013
BEITANOURI,234/236,247/249,254/254,178/182,216/233,251/271,133/141,Lacombe et al. 2013
CHEROKEE,223/238,247/255,240/254,176/191,235/267,247/271,133/143,Lacombe et al. 2013
BRUNI 624,223/238,247/255,238/240,176/191,235/267,271/271,133/151,Lacombe et al. 2013
DAVIS J 17- 53,223/229,247/247,248/254,182/191,243/259,251/271,133/141,Lacombe et al. 2013
COSMO 101,225/234,243/247,238/240,176/182,216/245,239/263,131/131,Lacombe et al. 2013
CODEGA DO LARINHO,223/234,247/257,240/248,182/186,227/235,271/271,149/153,Lacombe et al. 2013
BERTILLE SEYVE   872,221/232,243/243,244/254,191/191,243/257,249/271,145/153,Lacombe et al. 2013
BRIDGEWATER,225/232,239/249,240/248,178/186,243/247,249/271,143/149,Lacombe et al. 2013
CROUCHEN,232/232,249/253,244/248,178/191,216/245,249/249,149/153,Lacombe et al. 2013
CACHORRO,229/232,239/239,240/254,184/186,247/267,263/271,131/141,Lacombe et al. 2013
ATLAS,234/238,233/253,240/248,176/184,257/270,271/271,133/151,Lacombe et al. 2013
DASH MARANDI,232/232,243/253,240/244,182/191,243/243,257/271,122/153,Lacombe et al. 2013
GROS DORE,229/232,249/257,248/254,178/186,227/233,249/271,141/149,Lacombe et al. 2013
ALI CELEBI,225/232,239/239,248/254,176/186,227/235,239/249,141/149,Lacombe et al. 2013
DELLIKAFFSAR,232/232,239/239,248/254,176/176,235/235,249/249,141/149,Lacombe et al. 2013
DELMAR,232/232,239/239,254/254,176/186,235/235,249/249,141/141,Lacombe et al. 2013
COPI BLANC,223/225,239/247,240/254,182/191,227/243,263/271,133/151,Lacombe et al. 2013
CHERNA PERLA,223/225,239/249,238/240,176/186,227/267,239/263,131/131,Lacombe et al. 2013
COUDERC  3601,232/234,243/247,238/240,178/182,243/243,239/271,143/153,Lacombe et al. 2013
BRUNI 123,225/236,239/249,238/254,184/184,257/257,249/261,143/143,Lacombe et al. 2013
DORONA VENEZIANA,232/236,243/249,248/254,176/182,216/227,239/271,141/149,Lacombe et al. 2013
DALNEVOSTOCHNYI RAMMINGA,234/236,247/249,238/244,182/184,243/243,261/271,131/143,Lacombe et al. 2013
DARANYI IGNAC MUSKOTALY,236/244,239/249,238/248,178/191,227/247,251/271,131/141,Lacombe et al. 2013
CHURCH SEEDLING,244/244,239/247,238/238,176/182,233/259,251/271,131/131,Lacombe et al. 2013
DONA MARIA,225/229,243/247,248/254,182/182,216/235,271/271,133/149,Lacombe et al. 2013
DASMARI,225/234,249/253,238/248,182/186,257/257,261/271,141/143,Lacombe et al. 2013
DAVIS J 17- 58,223/236,239/239,238/238,176/176,235/247,263/271,131/131,Lacombe et al. 2013
BOSSOLERA NERA,232/238,239/249,240/254,178/184,233/247,251/271,131/141,Lacombe et al. 2013
CHUPESHI,232/234,249/249,238/240,182/191,233/257,271/271,133/135,Lacombe et al. 2013
CHURRIAGO,219/244,239/264,238/248,186/186,235/243,247/251,131/143,Lacombe et al. 2013
BRADDOCK,225/244,243/253,240/240,178/186,243/257,261/271,131/143,Lacombe et al. 2013
CAMARATE VERMELHO,223/234,239/249,240/254,172/180,243/247,239/271,131/141,Lacombe et al. 2013
BESTASSONA,225/236,239/247,238/240,182/182,227/253,239/251,135/153,Lacombe et al. 2013
BRAENDLY,225/244,233/239,238/238,176/178,235/245,239/255,131/131,Lacombe et al. 2013
ALICANTE ANGLAIS,223/232,239/239,238/254,178/191,227/227,271/271,131/131,Lacombe et al. 2013
CASTEL 13012,225/229,239/247,248/254,178/191,233/235,261/271,133/147,Lacombe et al. 2013
CHIMGAN,225/238,239/249,240/254,176/178,233/267,239/271,131/141,Lacombe et al. 2013
ARROT,225/234,247/247,240/248,182/182,233/245,251/261,143/153,Lacombe et al. 2013
COHEGI NERA,232/236,239/249,238/254,178/186,216/267,239/239,135/153,Lacombe et al. 2013
ALBISORA,223/238,239/249,248/254,176/191,245/245,249/271,141/141,Lacombe et al. 2013
ASPIRAN BLANC,225/234,239/247,240/254,176/182,243/263,249/251,149/153,Lacombe et al. 2013
ABRAHAM BELANE,225/238,239/249,240/240,182/191,235/247,255/257,131/143,Lacombe et al. 2013
COVE,229/238,247/249,238/240,176/178,233/247,247/257,131/143,Lacombe et al. 2013
BALZIGER,229/232,243/247,238/240,176/182,235/259,261/271,131/143,Lacombe et al. 2013
COMMANDANT,223/234,247/255,238/248,182/182,233/243,261/271,131/153,Lacombe et al. 2013
BATUTA NEAGRA,229/236,247/247,248/254,182/191,233/243,251/271,133/147,Lacombe et al. 2013
CASTEL    173- 38,234/238,233/253,240/254,180/182,257/259,251/251,131/135,Lacombe et al. 2013
DELMERLIE,225/232,243/249,248/254,176/186,227/233,251/271,135/149,Lacombe et al. 2013
BON ROUSSILLON,229/229,251/262,248/254,178/182,257/267,239/251,141/149,Lacombe et al. 2013
ASSOUED KERE,229/236,239/249,238/248,176/178,216/267,263/271,131/135,Lacombe et al. 2013
ACHARD,232/234,239/239,238/240,186/191,235/257,249/255,131/143,Lacombe et al. 2013
ARSADERA BIANCA,234/238,247/247,240/254,178/191,216/243,239/271,133/153,Lacombe et al. 2013
ARMSTRONG,234/236,243/247,254/254,178/178,227/243,271/271,133/133,Lacombe et al. 2013
DEMERDZHIYA,225/238,239/247,254/254,176/178,216/233,239/271,133/135,Lacombe et al. 2013
CASTEL  6519 R,234/238,247/247,240/240,182/191,243/267,239/271,141/153,Lacombe et al. 2013
ARSADERA NERA,225/234,243/247,240/248,178/186,216/243,251/271,149/153,Lacombe et al. 2013
ARSIN UEZUEMUE,223/238,247/257,240/254,186/191,216/233,239/271,141/153,Lacombe et al. 2013
COUDERC    84- 16,223/232,239/249,248/254,176/191,243/243,249/251,133/149,Lacombe et al. 2013
DAMET,225/234,243/247,254/254,178/180,227/257,251/271,133/133,Lacombe et al. 2013
DAMIANA NERA,229/234,247/249,240/254,176/182,216/257,257/271,131/133,Lacombe et al. 2013
DAMJANICH,223/234,247/249,240/248,178/182,257/267,257/271,131/133,Lacombe et al. 2013
CHINDOUANI SAFID,229/229,249/251,248/248,176/191,243/267,263/271,147/147,Lacombe et al. 2013
ANDOVER,223/225,239/239,238/248,176/182,227/227,239/255,131/137,Lacombe et al. 2013
BIONDA BIANCA,234/238,239/243,240/254,176/191,257/257,255/271,141/143,Lacombe et al. 2013
DIOLLE,229/232,239/239,240/258,178/191,233/235,239/271,141/143,Lacombe et al. 2013
BIG HOPE,223/238,239/253,238/240,176/176,247/253,251/255,143/143,Lacombe et al. 2013
RUPESTRIS MADERA ROJA,225/234,247/251,248/254,176/182,243/267,251/263,133/147,Lacombe et al. 2013
CENTURIAN,223/234,239/249,240/240,176/178,233/247,251/251,143/143,Lacombe et al. 2013
COUDERC   246-123,232/232,239/243,248/254,178/191,227/243,249/249,141/149,Lacombe et al. 2013
ATCHAROULI CHAVI,234/238,239/239,240/248,186/186,216/243,239/271,131/149,Lacombe et al. 2013
ANEB EL AMAR,225/229,249/253,254/254,176/182,247/263,249/251,131/149,Lacombe et al. 2013
DOROI KRASNYI,225/234,239/247,240/254,182/182,216/243,239/271,131/133,Lacombe et al. 2013
AMERICAN HAMBURG,234/238,239/249,240/254,186/186,233/267,239/239,131/153,Lacombe et al. 2013
AGIORGITIKO,223/225,239/253,240/240,178/182,245/257,261/261,131/131,Lacombe et al. 2013
CURVAL,232/234,239/243,240/240,178/191,243/257,255/271,131/143,Lacombe et al. 2013
ASKAR,229/238,249/249,248/254,184/186,233/243,239/271,131/141,Lacombe et al. 2013
AZEITEIRA,225/238,247/247,254/254,186/191,216/257,239/255,133/141,Lacombe et al. 2013
COUDERC  5412,223/244,239/249,238/254,182/191,235/267,255/261,131/133,Lacombe et al. 2013
ADOBE,223/236,249/249,238/240,176/176,233/235,239/255,131/131,Lacombe et al. 2013
AIGENI SEV,232/236,239/249,238/266,176/186,247/257,239/239,131/141,Lacombe et al. 2013
COUDERC    85- 16,223/229,239/243,238/240,186/191,233/243,239/239,137/143,Lacombe et al. 2013
ANADIA TINTA,227/229,239/249,248/248,182/188,227/233,239/239,131/149,Lacombe et al. 2013
BUGNOLINO,223/229,239/239,254/254,180/186,235/243,251/257,141/141,Lacombe et al. 2013
BURGOME,225/238,239/243,240/254,176/191,247/257,249/271,141/143,Lacombe et al. 2013
BERLANDIERI ECOLE,225/236,251/257,248/254,176/191,235/267,263/271,131/141,Lacombe et al. 2013
ALLEN'S HYBRID,223/234,239/247,238/248,186/188,227/233,239/239,137/149,Lacombe et al. 2013
ALMURA SHAVI,223/234,239/247,248/248,186/188,227/245,239/271,149/149,Lacombe et al. 2013
AMBROSIA,232/232,249/257,238/248,176/178,216/235,271/271,135/149,Lacombe et al. 2013
ALZUB,229/232,239/239,238/240,172/176,227/233,271/271,131/131,Lacombe et al. 2013
CASTILLO DE ARCOS,225/236,239/247,238/238,176/186,216/243,239/271,135/149,Lacombe et al. 2013
ALEPOU,225/238,239/249,238/248,176/186,227/235,239/249,131/149,Lacombe et al. 2013
APILONGO,229/236,247/247,240/248,176/182,243/257,261/271,147/147,Lacombe et al. 2013
CLIMAX,229/234,243/247,238/240,176/178,233/267,271/271,131/131,Lacombe et al. 2013
COLUMBUS,234/238,247/253,244/248,182/191,233/235,271/271,133/153,Lacombe et al. 2013
AT MEMESI,234/236,243/249,238/240,182/184,257/257,249/255,135/143,Lacombe et al. 2013
COUDERC  1904,234/238,239/247,240/248,176/178,216/245,263/271,131/141,Lacombe et al. 2013
BURDIN  4077,225/238,239/249,238/240,182/186,233/243,255/257,131/133,Lacombe et al. 2013
COLORADO JARDIN MALEGUE,234/234,239/247,248/248,176/182,243/257,271/273,141/141,Lacombe et al. 2013
AK KEKRE,232/234,247/249,248/254,176/178,233/245,249/251,131/141,Lacombe et al. 2013
AITONYCHI MAVRO,223/229,239/249,240/248,176/178,243/245,271/271,141/149,Lacombe et al. 2013
AJAKI ODIA,225/229,239/260,238/240,186/186,216/216,239/239,131/137,Lacombe et al. 2013
AKABIL,225/229,239/260,240/262,186/188,216/257,239/261,131/149,Lacombe et al. 2013
CONCHA,223/232,239/239,240/254,178/191,227/243,239/249,135/141,Lacombe et al. 2013
BARRY,229/234,247/249,238/240,182/191,243/243,271/271,131/153,Lacombe et al. 2013
BIANCO D'ALESSANO,223/238,233/253,254/254,182/191,227/247,255/263,131/133,Lacombe et al. 2013
DINGIL KARA,229/238,243/249,240/254,180/186,243/243,251/255,141/143,Lacombe et al. 2013
BERLAUSSEL,225/236,249/257,248/254,176/186,235/243,263/271,141/147,Lacombe et al. 2013
BERLENGA,225/238,249/257,248/254,176/191,243/257,271/271,141/147,Lacombe et al. 2013
DIRECTO BLANCO,225/236,243/251,248/254,176/182,233/243,263/271,147/149,Lacombe et al. 2013
DONDGHLABI MTSVANE,229/229,249/253,248/262,176/191,243/247,263/271,147/149,Lacombe et al. 2013
BACO BLANC,223/225,247/251,240/248,176/182,267/267,261/263,131/131,Lacombe et al. 2013
BOFALI,229/236,239/239,254/258,178/191,235/253,239/251,133/141,Lacombe et al. 2013
BOALISA,225/229,239/243,240/254,180/191,243/253,239/251,141/143,Lacombe et al. 2013
COUDERC    88- 13,225/234,239/247,238/240,182/182,243/247,239/251,131/137,Lacombe et al. 2013
AMANDA,223/225,239/239,248/262,178/186,227/233,239/239,149/149,Lacombe et al. 2013
ADVANCE,223/229,239/257,248/266,176/191,243/247,239/261,131/141,Lacombe et al. 2013
ADIRONDAC,223/238,249/249,240/262,176/186,243/257,239/255,131/149,Lacombe et al. 2013
CIANORIE,236/244,247/249,248/254,176/191,235/247,255/271,133/149,Lacombe et al. 2013
ALICANTE BOUSCHET  7,223/225,247/257,248/254,178/178,233/243,251/251,141/149,Lacombe et al. 2013
BONALLABO,223/234,249/253,248/254,178/186,247/247,251/255,135/149,Lacombe et al. 2013
ALMACEGA,223/232,239/239,238/254,176/182,245/247,261/271,137/141,Lacombe et al. 2013
ARBANE NOIR,225/234,233/249,240/248,176/191,245/267,263/271,131/131,Lacombe et al. 2013
ARBIXEDDA,234/236,249/249,240/254,176/191,247/267,251/263,131/135,Lacombe et al. 2013
ARAMON BOUSCHET 7,234/236,239/247,248/248,176/186,245/259,239/249,131/149,Lacombe et al. 2013
COUDERC    93-  5,225/225,239/243,238/254,176/182,216/267,239/271,135/141,Lacombe et al. 2013
ALICE LEE,225/229,249/251,248/248,176/191,243/267,263/271,131/147,Lacombe et al. 2013
ARGAJLARTO,229/236,247/249,248/254,176/182,235/243,271/271,133/147,Lacombe et al. 2013
CIBELE,229/238,251/253,244/248,176/176,233/243,255/263,131/153,Lacombe et al. 2013
ARCHINA,225/234,247/249,240/248,176/182,245/267,239/271,131/131,Lacombe et al. 2013
ARAMON BOUSCHET 8,223/225,239/243,238/240,176/186,216/257,239/263,131/131,Lacombe et al. 2013
ASKERI SARI,223/225,243/247,238/240,176/186,216/257,239/263,131/131,Lacombe et al. 2013
ASPIGNAN 1,225/225,239/249,248/254,176/182,259/267,271/271,147/149,Lacombe et al. 2013
BERLANDIERI D'ANGEAC,234/238,239/247,238/248,176/191,257/267,239/255,131/143,Lacombe et al. 2013
ARMLONG,236/236,233/247,240/248,178/191,216/227,271/271,131/149,Lacombe et al. 2013
ALGUMIA,223/225,239/243,248/254,176/186,257/267,239/263,131/141,Lacombe et al. 2013
ASKUDI,223/225,239/243,248/254,176/186,216/245,239/263,131/141,Lacombe et al. 2013
DLINNYI PALESTINSKII,225/234,251/253,240/248,176/176,243/267,249/271,131/147,Lacombe et al. 2013
DONZELINHO TINTO,234/234,233/247,248/254,176/178,216/267,263/271,131/133,Lacombe et al. 2013
CIARAS MUSKATNII,225/229,233/249,240/248,176/182,235/245,263/271,131/147,Lacombe et al. 2013
DANCEVICKA,229/244,239/239,238/254,191/191,233/235,251/257,133/141,Lacombe et al. 2013
ARMBRILONG,223/232,243/249,248/248,176/178,227/245,251/263,131/149,Lacombe et al. 2013
ARKTIK,223/225,239/257,254/254,178/186,233/245,251/263,141/141,Lacombe et al. 2013
BRUNI 183,232/238,243/253,238/262,178/182,216/243,249/271,141/143,Lacombe et al. 2013
CARMAN,234/238,243/249,240/254,176/176,233/257,251/271,141/143,Lacombe et al. 2013
DIXIELAND,223/234,249/249,244/254,180/182,243/257,249/271,133/149,Lacombe et al. 2013
BLUESTAR,219/238,239/239,240/254,178/178,243/257,251/271,141/143,Lacombe et al. 2013
BEZSEMENII,223/223,247/249,238/254,182/182,253/267,239/261,133/137,Lacombe et al. 2013
BERTILLE SEYVE   453,229/236,239/249,248/270,180/188,227/243,239/239,137/149,Lacombe et al. 2013
COUDERC   287 BIS A,223/238,239/249,240/248,182/186,227/233,239/271,131/149,Lacombe et al. 2013
DERECHERO,236/236,239/249,238/248,182/186,227/243,239/271,137/149,Lacombe et al. 2013
COUDERC    19- 21,223/225,239/247,240/254,186/191,216/227,239/271,141/149,Lacombe et al. 2013
CRUARA,223/234,243/249,240/240,182/182,257/257,251/255,133/135,Lacombe et al. 2013
AVOAL VERDEAL,225/225,239/247,238/248,176/182,216/257,251/271,131/135,Lacombe et al. 2013
ASMI ASSOUAD,225/225,243/249,238/240,176/186,216/257,251/271,131/135,Lacombe et al. 2013
DZHUNGA,223/236,239/257,240/248,176/186,227/233,239/271,131/149,Lacombe et al. 2013
CASTEL 10221,229/232,239/249,240/248,176/191,257/267,263/271,131/143,Lacombe et al. 2013
CITRONELLE,223/229,239/243,240/248,186/191,235/243,239/271,131/149,Lacombe et al. 2013
COLOMINO,223/244,239/249,248/254,182/191,233/257,249/251,141/141,Lacombe et al. 2013
COINES,232/236,239/239,238/248,176/186,267/267,239/239,131/149,Lacombe et al. 2013
BILAGANY,232/234,233/251,254/254,180/191,243/247,261/271,131/135,Lacombe et al. 2013
ALVARELHAO,225/238,239/249,238/240,176/178,227/247,255/271,131/143,Lacombe et al. 2013
COUDERC    20,223/236,249/255,238/240,178/182,227/247,247/271,131/151,Lacombe et al. 2013
COUDERC    14,225/236,239/243,238/248,176/186,216/235,255/271,135/141,Lacombe et al. 2013
CHASSELAS MUSQUE,223/223,233/243,240/262,182/191,243/257,239/239,143/149,Lacombe et al. 2013
ASPIRAN NOIR,234/236,249/249,254/254,186/191,243/243,255/271,133/135,Lacombe et al. 2013
ACEBO,223/232,239/243,238/254,176/180,257/259,249/271,133/135,Lacombe et al. 2013
AK UZYUM KITABSKII,223/232,239/249,238/254,176/178,235/245,249/271,135/141,Lacombe et al. 2013
ANCELLOTTA,223/236,239/257,248/248,186/188,233/257,239/271,131/149,Lacombe et al. 2013
BRUNOL TINTO,232/244,243/247,248/254,178/182,257/257,249/251,133/141,Lacombe et al. 2013
BURROUGHS,234/236,239/247,238/240,186/186,235/267,239/239,135/141,Lacombe et al. 2013
DAVIS J 17- 69,223/244,247/255,238/254,182/191,227/247,263/271,131/133,Lacombe et al. 2013
CHARKA DE NIKITA,234/244,239/247,248/248,178/178,243/257,261/271,141/147,Lacombe et al. 2013
CATACIK,223/223,249/253,254/254,176/176,243/247,249/271,141/141,Lacombe et al. 2013
CHINCO BIANCO,229/236,239/249,240/254,180/186,247/267,239/249,131/141,Lacombe et al. 2013
BURDIN 10010,236/238,249/253,240/254,180/191,257/259,251/261,135/141,Lacombe et al. 2013
AG ALDARA,225/232,239/243,240/254,182/191,257/259,249/255,131/133,Lacombe et al. 2013
CAPORTA 5 A,232/244,239/249,238/254,178/182,235/243,249/271,133/143,Lacombe et al. 2013
DONZELINHO DO GALEGO,223/234,247/249,240/254,178/182,216/257,257/271,133/153,Lacombe et al. 2013
COUDERC    22,223/232,239/239,240/258,186/191,235/257,239/271,133/143,Lacombe et al. 2013
DOMMAR,223/229,257/257,248/254,178/186,233/243,239/251,141/149,Lacombe et al. 2013
AGAR,223/223,247/249,238/266,182/186,245/267,249/261,131/141,Lacombe et al. 2013
CANDOLLE ROUGE,223/232,243/249,240/262,176/178,257/257,255/271,143/149,Lacombe et al. 2013
COUDERC   251-155,232/236,253/255,238/254,182/191,216/243,249/251,133/143,Lacombe et al. 2013
COUDERC   252- 14,232/238,243/253,238/254,186/191,216/243,249/271,133/143,Lacombe et al. 2013
COUDERC   261- 50,225/225,239/249,240/248,182/191,233/267,257/263,131/131,Lacombe et al. 2013
BRIGHTS SEEDLING C,238/244,239/239,238/248,176/191,233/233,255/263,131/141,Lacombe et al. 2013
AK UZYUM TAGAPSKII,223/229,251/257,240/248,176/186,235/247,249/251,131/149,Lacombe et al. 2013
ALPHONSE LAVALLEE,223/234,239/243,254/262,176/186,227/257,239/271,141/149,Lacombe et al. 2013
COJONATA,232/238,243/249,240/254,186/186,227/233,239/271,131/141,Lacombe et al. 2013
DALMASSO 11- 2,223/234,239/249,238/254,178/182,247/257,255/255,135/155,Lacombe et al. 2013
BAYARD,225/225,239/249,248/254,186/191,216/243,239/263,141/147,Lacombe et al. 2013
DES ESSARS,225/236,243/253,248/262,186/188,235/247,239/271,149/149,Lacombe et al. 2013
COMPETICAO,223/234,247/249,238/240,178/178,216/233,261/271,131/131,Lacombe et al. 2013
BERTHA,225/229,257/257,248/248,178/186,233/243,251/271,149/149,Lacombe et al. 2013
BELEM,232/234,247/253,238/240,176/178,233/243,249/271,131/143,Lacombe et al. 2013
COUDERC   265,234/234,243/247,240/254,178/178,243/257,249/271,131/133,Lacombe et al. 2013
BAKSZEM,236/236,243/247,254/254,176/176,233/243,251/271,131/133,Lacombe et al. 2013
AK DERE,225/236,239/257,248/262,182/186,233/233,239/251,149/149,Lacombe et al. 2013
CIDREIRO,232/238,249/259,240/240,176/178,239/257,243/261,122/143,Lacombe et al. 2013
ANNAMARIA,223/236,239/243,248/270,176/186,235/243,239/271,137/149,Lacombe et al. 2013
AMALIA,232/236,249/257,238/248,176/186,235/245,271/271,131/149,Lacombe et al. 2013
ALLONE KARA,223/229,239/262,248/254,176/186,216/235,239/239,141/153,Lacombe et al. 2013
DESERTNYI,223/229,249/262,248/248,178/186,227/235,239/239,149/153,Lacombe et al. 2013
ALENKII,232/236,239/243,238/238,178/186,227/235,271/271,131/135,Lacombe et al. 2013
CERASARA NERA,225/232,239/249,238/238,178/178,227/235,255/271,131/131,Lacombe et al. 2013
CHENIN BLANC,229/229,253/253,254/254,176/180,243/247,249/271,141/141,Lacombe et al. 2013
COUDERC    23,225/234,243/247,238/254,176/182,257/257,261/263,131/141,Lacombe et al. 2013
AKLAHANA,225/236,239/243,238/248,182/186,216/235,239/271,135/149,Lacombe et al. 2013
DEGIRMENDERE SIYAHI,225/236,239/249,238/248,182/186,227/235,239/239,135/149,Lacombe et al. 2013
CHINI TAIFI,223/236,239/247,248/248,176/182,216/227,239/261,131/149,Lacombe et al. 2013
COUDERC   604,223/223,249/249,240/248,176/182,243/257,239/251,131/149,Lacombe et al. 2013
COUDERC  226- 58,236/238,243/262,240/248,188/191,243/245,249/251,143/149,Lacombe et al. 2013
DETROIT,225/225,239/243,238/254,176/186,235/235,271/271,135/135,Lacombe et al. 2013
COUDERC   532-  4,229/236,249/262,238/254,182/186,233/243,251/255,131/141,Lacombe et al. 2013
COUDERC  1301,223/225,243/257,254/254,176/186,233/233,251/271,135/141,Lacombe et al. 2013
DEVE BICIGI,223/234,247/249,240/248,178/186,227/233,239/271,131/149,Lacombe et al. 2013
AG TOPAK,223/238,243/249,240/254,186/191,233/257,255/271,131/135,Lacombe et al. 2013
BELLANDAIS,232/236,249/257,238/248,172/176,227/247,239/249,131/149,Lacombe et al. 2013
COUDERC   554,225/234,247/251,238/240,182/182,243/267,251/271,131/137,Lacombe et al. 2013
DEVIN,234/238,247/249,238/254,176/182,216/245,239/271,131/141,Lacombe et al. 2013
DGLENI,225/232,239/239,238/254,176/186,216/227,239/271,131/141,Lacombe et al. 2013
DIAGA,223/232,239/243,240/254,186/191,243/259,249/249,131/135,Lacombe et al. 2013
ADAKALKA,223/234,233/249,248/262,182/191,247/257,239/251,149/149,Lacombe et al. 2013
TOTMUR,234/234,239/247,240/248,186/191,243/243,239/239,149/153,Lacombe et al. 2013
BOAL BARREIRO,223/225,239/239,248/254,176/191,235/243,249/271,135/147,Lacombe et al. 2013
COUDERC  2061,223/225,247/249,238/240,176/176,247/257,251/255,141/143,Lacombe et al. 2013
BREFANO,225/244,247/249,238/238,176/182,247/259,251/271,131/131,Lacombe et al. 2013
ANDICS 72,223/229,243/255,248/248,178/191,227/259,251/271,141/149,Lacombe et al. 2013
AIDA,223/236,239/243,238/266,176/186,247/257,239/249,131/141,Lacombe et al. 2013
AL BURLA,225/236,233/247,238/240,176/186,216/243,239/261,131/135,Lacombe et al. 2013
ARTEMINO NERO,225/236,239/243,238/254,176/186,233/235,251/271,135/135,Lacombe et al. 2013
ABLAK BEYAZ,232/238,247/257,240/254,178/191,227/243,239/271,141/153,Lacombe et al. 2013
DIRUBUENO,229/236,239/253,240/254,176/180,253/257,239/271,141/143,Lacombe et al. 2013
DABOUKI,223/236,239/257,248/254,176/186,233/247,239/255,141/149,Lacombe et al. 2013
COUDERC    90- 38,234/234,247/249,238/254,182/182,243/267,261/271,131/133,Lacombe et al. 2013
BASTARDO BRANCO,223/238,247/249,240/248,191/191,216/243,239/271,131/153,Lacombe et al. 2013
BERTILLE SEYVE  6283,223/234,247/249,238/238,176/178,247/257,255/263,131/141,Lacombe et al. 2013
BAUCHMAN RED FOX,223/236,249/255,248/254,182/182,243/243,251/271,133/147,Lacombe et al. 2013
BALADA,223/223,243/251,238/244,176/191,243/247,251/271,131/151,Lacombe et al. 2013
BONNA BELLA,229/229,239/243,238/240,182/191,235/245,251/261,131/143,Lacombe et al. 2013
CASTEL   224-  1,223/223,239/239,248/248,176/186,235/257,249/271,131/131,Lacombe et al. 2013
BURDIN  4687,229/232,239/249,248/254,176/178,235/243,249/271,133/149,Lacombe et al. 2013
CHASSELAS SALOMON,219/234,239/243,254/262,178/178,233/247,239/255,135/149,Lacombe et al. 2013
AMAROT,223/238,239/249,238/240,178/186,233/245,239/271,131/131,Lacombe et al. 2013
AHMEUR BOU AHMEUR,223/234,247/249,240/240,178/182,245/257,261/271,131/131,Lacombe et al. 2013
DIAMOND,223/236,247/249,238/254,176/182,257/259,239/261,131/135,Lacombe et al. 2013
CASTEL  2838,223/229,239/253,254/254,176/178,247/247,249/255,141/141,Lacombe et al. 2013
CASTEL   188- 08,232/244,239/249,238/238,176/178,245/247,263/271,131/131,Lacombe et al. 2013
CIGDEM,232/236,249/249,248/254,178/180,216/257,249/271,149/149,Lacombe et al. 2013
CADILLON TARDIF,223/238,239/239,248/254,176/191,243/247,249/271,141/147,Lacombe et al. 2013
BURDIN  7419,225/225,239/247,238/238,180/191,235/276,261/263,137/141,Lacombe et al. 2013
CODDU CURTU,225/225,247/249,238/254,182/191,235/245,263/271,141/141,Lacombe et al. 2013
CARMINET,234/238,243/247,240/266,176/176,243/276,249/265,133/141,Lacombe et al. 2013
BUBUL,223/225,247/249,238/240,182/191,235/247,251/271,131/143,Lacombe et al. 2013
AHMAR DERANI,223/232,239/249,238/240,178/178,235/245,261/271,131/131,Lacombe et al. 2013
COMPACTA,223/234,249/255,238/254,182/191,243/259,261/271,131/135,Lacombe et al. 2013
ALFACINHA,223/232,249/257,248/254,178/186,227/233,251/271,141/149,Lacombe et al. 2013
BERTILLE SEYVE  1808,223/236,247/257,254/268,182/186,245/257,239/271,133/149,Lacombe et al. 2013
A LA REINE,223/223,247/249,240/248,176/178,227/257,239/261,131/131,Lacombe et al. 2013
CASTEL 20035,223/234,249/257,248/254,172/176,243/243,239/249,131/141,Lacombe et al. 2013
BARGINE,229/232,239/249,248/248,178/191,243/243,249/263,147/149,Lacombe et al. 2013
BULUT UEZUEMUE KIRMIZI,238/244,239/247,238/244,176/184,257/257,249/271,141/143,Lacombe et al. 2013
ALICANTE HENRI BOUSCHET,232/236,243/249,238/248,176/186,227/235,249/271,126/131,Lacombe et al. 2013
DAVIS K  5- 20,225/244,239/249,248/254,176/182,233/259,271/271,141/141,Lacombe et al. 2013
COUDERC    82- 13,225/229,249/249,240/248,186/191,243/243,257/271,131/131,Lacombe et al. 2013
BRATTRAUBE GRUEN,229/244,239/247,240/248,178/182,235/257,251/271,137/141,Lacombe et al. 2013
ASCOT CITRONELLE,225/238,239/249,254/254,178/182,245/257,249/249,133/141,Lacombe et al. 2013
DIANA,225/234,239/247,238/248,176/186,216/253,251/271,131/149,Lacombe et al. 2013
COARNA NEAGRA SELECTIONATA,232/236,247/257,248/254,178/186,227/243,271/271,133/149,Lacombe et al. 2013
ALBANIA,225/238,239/239,238/238,178/182,216/245,249/271,131/135,Lacombe et al. 2013
COLP,232/236,239/247,248/248,176/178,216/235,249/271,149/149,Lacombe et al. 2013
BURDIN  4795,234/236,247/247,248/254,182/182,233/243,255/271,133/141,Lacombe et al. 2013
ABBOU,232/238,239/239,238/254,176/186,245/257,255/271,137/141,Lacombe et al. 2013
CASTEL 11013,236/238,243/249,240/254,191/191,233/247,251/271,133/143,Lacombe et al. 2013
ARNOPOLO,225/232,239/243,240/254,182/191,235/243,249/271,135/143,Lacombe et al. 2013
ARNSBURGER,223/234,247/255,238/254,176/182,227/243,271/271,131/133,Lacombe et al. 2013
ALBILLO REAL,225/238,239/249,238/248,176/182,227/235,239/271,131/149,Lacombe et al. 2013
CASTEL 20415,223/229,239/239,248/254,172/178,233/257,239/251,141/149,Lacombe et al. 2013
CASTEL 20023,234/238,239/249,240/254,178/178,233/233,251/255,135/143,Lacombe et al. 2013
ALBAN REAL,225/238,239/249,238/238,176/186,216/227,239/271,131/135,Lacombe et al. 2013
DICHALI,236/238,247/249,238/238,172/176,227/243,239/249,131/137,Lacombe et al. 2013
DIDMTEVANA SHAVI,232/234,247/249,254/254,178/182,216/227,239/271,141/141,Lacombe et al. 2013
ALA SHAANI,225/225,239/257,238/248,182/186,233/235,261/271,135/149,Lacombe et al. 2013
TCHUBULO,236/236,239/247,240/262,178/182,243/263,271/271,149/153,Lacombe et al. 2013
CASTEL  1874,223/229,249/257,240/248,180/186,233/247,249/271,131/131,Lacombe et al. 2013
CASTEL  1919,223/232,239/249,248/254,176/186,245/247,239/271,141/149,Lacombe et al. 2013
ALICE SALOMON,225/232,239/239,240/254,176/182,233/245,255/271,131/141,Lacombe et al. 2013
ASPRADI,223/234,249/253,238/254,178/191,243/257,255/259,131/141,Lacombe et al. 2013
BRUNI 125,221/238,239/239,238/240,186/189,234/243,243/249,131/143,Lacombe et al. 2013
DANLAS,223/236,247/249,248/268,176/186,243/257,239/239,147/149,Lacombe et al. 2013
ALMERIA,223/236,239/257,238/240,172/176,233/267,239/239,131/131,Lacombe et al. 2013
ALICANTE BOUSCHET TARDIF,225/229,239/257,240/248,172/186,233/235,239/255,131/149,Lacombe et al. 2013
DOLETUSA,225/236,247/249,238/240,176/186,245/245,239/271,131/131,Lacombe et al. 2013
ALCUBILLA,229/236,243/257,248/248,186/186,233/235,239/271,149/149,Lacombe et al. 2013
BUCACO,223/225,245/249,240/248,182/191,235/257,251/257,139/143,Lacombe et al. 2013
BERNARDIN,234/236,239/253,248/254,176/182,257/276,251/271,128/141,Lacombe et al. 2013
BERTILLE SEYVE    60,223/229,249/257,248/254,186/186,227/233,239/251,141/149,Lacombe et al. 2013
ASERI,223/236,247/249,248/254,186/191,233/235,271/271,141/149,Lacombe et al. 2013
CASTEL   227-  1,236/238,243/247,248/254,176/191,235/257,255/271,133/135,Lacombe et al. 2013
DE JOSE BLANCO,223/225,243/257,248/254,186/186,233/245,239/251,141/149,Lacombe et al. 2013
AGUDET BLANC,223/225,239/247,238/240,180/186,235/257,251/271,131/131,Lacombe et al. 2013
COPLA,229/232,255/262,238/248,178/188,233/259,239/251,141/149,Lacombe et al. 2013
CASTEL  2834,223/229,239/249,240/248,176/178,247/267,271/271,131/149,Lacombe et al. 2013
COKE MORU,223/225,239/262,238/254,176/188,245/267,239/239,131/153,Lacombe et al. 2013
ALMA ATINSKII RANNII,234/236,239/257,240/248,172/182,233/243,239/271,131/131,Lacombe et al. 2013
AIN EL COUMA,223/232,249/249,238/240,178/191,235/245,271/271,131/131,Lacombe et al. 2013
AROMAT KHASANA,223/232,243/249,238/254,180/182,243/257,239/249,131/131,Lacombe et al. 2013
DANUGUE,223/223,243/249,238/248,191/191,233/245,239/249,131/141,Lacombe et al. 2013
DONSKOY,232/244,239/239,238/254,178/191,227/235,263/271,131/141,Lacombe et al. 2013
CORDOVI,219/232,239/249,254/262,178/178,227/247,239/251,135/149,Lacombe et al. 2013
BOTTONINO NERO,225/229,239/255,238/254,180/191,259/276,255/263,133/137,Lacombe et al. 2013
BATARIJINO SJEME,223/229,239/247,254/254,182/182,243/257,271/271,133/141,Lacombe et al. 2013
CIRUELA ROJA,232/244,239/249,238/254,178/182,216/247,239/251,131/141,Lacombe et al. 2013
AVILLA,234/236,239/239,238/240,176/182,216/233,239/271,131/131,Lacombe et al. 2013
BARTHAINER WEISS,229/234,247/249,238/254,178/191,233/235,251/271,131/133,Lacombe et al. 2013
DALMASSO  7-23,225/238,239/247,238/254,176/186,235/257,249/251,141/143,Lacombe et al. 2013
AZHKAPSH,234/236,239/243,240/248,176/182,235/267,239/255,131/135,Lacombe et al. 2013
COLOMBEAU DU VAR,225/232,239/249,238/240,178/191,216/243,249/257,131/143,Lacombe et al. 2013
BORRACAL MINDO,232/232,239/253,238/248,178/191,216/243,249/249,143/149,Lacombe et al. 2013
CANNELA NERA,223/238,251/253,240/254,176/180,243/247,249/249,131/141,Lacombe et al. 2013
DANAGOEZUE,223/234,239/239,240/254,178/182,216/257,257/271,131/133,Lacombe et al. 2013
CARREGA BRANCO,236/238,243/249,238/238,178/182,233/243,257/261,131/143,Lacombe et al. 2013
ALETHA,223/229,243/247,240/248,186/191,227/235,271/271,149/151,Lacombe et al. 2013
AIKEN,223/229,239/239,240/240,186/188,216/227,239/271,131/131,Lacombe et al. 2013
COMIOTICO,229/229,247/249,238/248,178/182,233/257,247/261,131/141,Lacombe et al. 2013
BECAIA,223/229,249/249,248/254,191/191,243/247,239/263,131/147,Lacombe et al. 2013
CHERUBINI 64,225/229,247/249,240/240,178/186,235/243,251/263,131/137,Lacombe et al. 2013
ATHENS,223/229,239/249,240/248,178/182,233/235,239/251,135/137,Lacombe et al. 2013
BONHEUR,236/238,249/249,238/240,191/191,233/259,251/271,131/133,Lacombe et al. 2013
BONDOLA,236/238,239/257,254/254,186/191,235/257,271/271,141/141,Lacombe et al. 2013
BERMEJA,229/238,249/257,248/254,186/191,235/267,263/271,141/147,Lacombe et al. 2013
COUDERC  1661,223/236,239/243,248/254,176/176,243/247,249/251,135/147,Lacombe et al. 2013
AMANDORLA,236/238,249/249,254/254,182/186,233/243,239/255,141/153,Lacombe et al. 2013
CORNELANCHE,225/225,247/249,248/254,182/186,243/243,249/271,141/149,Lacombe et al. 2013
CORNAREA,223/232,239/239,248/254,178/186,243/267,239/249,141/149,Lacombe et al. 2013
COUDERC  1102,236/244,239/243,238/248,188/191,235/267,255/271,128/149,Lacombe et al. 2013
BERNADOU,225/244,239/249,238/248,176/186,235/257,249/261,141/143,Lacombe et al. 2013
DALMASSO  8-10,225/232,239/239,238/248,176/176,235/259,249/255,133/141,Lacombe et al. 2013
AGAWAM,234/236,243/249,254/266,176/182,247/257,249/261,135/141,Lacombe et al. 2013
DIK KIZIL UEZUEM,223/223,239/247,240/266,182/188,227/245,249/261,131/135,Lacombe et al. 2013
BERTILLE SEYVE  1020,236/236,233/249,248/254,176/182,233/235,271/271,133/141,Lacombe et al. 2013
CADUNEDDU,232/236,249/262,238/254,176/182,243/245,261/271,137/141,Lacombe et al. 2013
ARANY JANOS,223/232,243/247,238/254,176/178,227/257,239/249,131/141,Lacombe et al. 2013
BETHLEN,223/225,247/249,240/254,186/186,216/233,249/271,133/153,Lacombe et al. 2013
ABESO,223/223,243/247,238/240,176/182,257/257,239/239,131/131,Lacombe et al. 2013
TCHODI SALKHINOSI,223/234,247/247,240/248,176/176,227/267,255/271,131/133,Lacombe et al. 2013
COUDERC    63- 17,223/236,239/247,248/254,182/182,233/235,257/271,133/147,Lacombe et al. 2013
COPOLONA,225/234,239/243,248/254,178/180,233/243,251/251,141/149,Lacombe et al. 2013
DALMASSO 11- 8,223/229,239/239,248/254,180/186,253/267,251/271,141/149,Lacombe et al. 2013
DALMASSO 10-10,232/236,239/253,248/254,176/191,247/257,251/271,141/149,Lacombe et al. 2013
BOLGNINO,223/236,239/257,238/248,178/186,233/247,255/271,131/149,Lacombe et al. 2013
DAVIS K 48- 35,223/229,249/249,238/240,180/191,227/267,263/271,131/131,Lacombe et al. 2013
CAL KARASI,225/234,249/249,238/240,178/182,239/257,243/271,133/133,Lacombe et al. 2013
DAVIS K 48- 48,234/236,239/249,248/254,176/176,233/257,249/271,133/141,Lacombe et al. 2013
CHALA,225/229,249/249,240/248,186/191,233/243,239/271,131/131,Lacombe et al. 2013
CHALLENGE,225/229,249/249,238/248,176/182,243/243,257/263,131/133,Lacombe et al. 2013
CHAKAR ANGURA SAFID,225/238,239/249,240/248,176/182,233/267,255/271,131/147,Lacombe et al. 2013
DAVIS K 48- 38,223/236,239/255,240/254,182/191,227/235,263/271,133/151,Lacombe et al. 2013
DALMASSO 11- 5,234/238,239/257,254/254,176/186,233/267,239/255,141/141,Lacombe et al. 2013
BOARDE BLANCHE,223/225,239/243,248/254,178/180,233/253,239/271,141/149,Lacombe et al. 2013
BOBAL,223/234,239/271,248/254,178/186,233/267,239/271,141/149,Lacombe et al. 2013
ECHKE MEME BELYI,234/236,249/253,238/240,178/182,243/243,251/271,131/131,Lacombe et al. 2013
ALBANA BIANCA,223/236,239/249,238/254,176/186,216/267,239/239,137/141,Lacombe et al. 2013
DALMASSO 13- 42,232/236,239/243,238/254,178/191,216/233,249/251,143/149,Lacombe et al. 2013
BATTTRAUBE,229/236,247/247,248/254,182/191,243/243,239/251,141/147,Lacombe et al. 2013
DZHAUTY,229/234,239/253,254/254,176/186,243/243,251/271,133/141,Lacombe et al. 2013
CHASSELAS BABO,234/236,239/249,240/248,176/182,243/257,257/271,135/141,Lacombe et al. 2013
DURIF,232/244,239/249,238/238,178/178,235/245,255/271,131/131,Lacombe et al. 2013
CORNALIN D'AOSTE,232/232,239/239,240/248,178/191,216/235,249/249,143/149,Lacombe et al. 2013
CADOUGNAN 1,223/229,239/245,240/244,182/191,243/257,257/271,149/151,Lacombe et al. 2013
BERTILLE SEYVE   460,223/234,249/262,238/248,186/186,227/267,239/251,131/137,Lacombe et al. 2013
CIMIN,225/244,239/249,248/254,184/191,235/257,251/261,143/143,Lacombe et al. 2013
CIMIGHIERA,229/238,239/247,238/248,186/191,247/269,257/271,143/151,Lacombe et al. 2013
BOTTONA,234/236,247/249,238/240,178/182,235/253,251/271,137/153,Lacombe et al. 2013
DAVIS K 48- 43,223/229,239/255,238/254,176/182,257/259,255/271,131/141,Lacombe et al. 2013
CHERUBINI 68,229/229,239/257,238/240,176/186,227/233,255/271,131/131,Lacombe et al. 2013
DOCAR MENDO,225/238,239/251,238/248,176/182,243/267,257/263,131/133,Lacombe et al. 2013
DON JUAN,238/238,239/251,238/254,178/180,243/247,249/249,131/141,Lacombe et al. 2013
DALMASSO  4-27,223/244,247/249,240/240,182/182,235/243,249/261,131/153,Lacombe et al. 2013
ARTURO MARESCALCHI,234/238,243/249,254/254,178/186,243/257,255/271,133/141,Lacombe et al. 2013
CRAVEIROU,223/236,249/249,238/240,176/182,259/270,251/255,131/131,Lacombe et al. 2013
CUBUK BEYAZI,234/238,233/239,240/254,191/191,243/243,249/271,141/141,Lacombe et al. 2013
CRANSTON,223/238,239/249,238/254,176/182,243/270,249/255,131/141,Lacombe et al. 2013
TCHETCHIBERA,232/238,249/249,238/240,176/191,233/243,249/271,122/135,Lacombe et al. 2013
ALI HOCA,238/244,239/253,238/240,180/191,245/267,255/263,128/131,Lacombe et al. 2013
BERTILLE SEYVE   318,229/238,247/253,240/248,186/191,235/267,263/271,131/149,Lacombe et al. 2013
BERTILLE SEYVE  3310,232/238,247/247,238/254,176/186,235/259,249/271,131/131,Lacombe et al. 2013
BLACK ROSE,223/236,239/259,248/248,180/186,233/257,239/251,149/155,Lacombe et al. 2013
AIROSA,225/229,239/257,240/248,176/186,233/247,239/249,131/149,Lacombe et al. 2013
BRUNI 475,229/238,239/251,238/248,191/191,247/257,249/255,143/149,Lacombe et al. 2013
COSMO   7,232/234,243/247,238/238,176/178,245/253,251/255,131/131,Lacombe et al. 2013
BAKOUZI,236/236,243/249,248/254,176/176,235/247,239/271,133/135,Lacombe et al. 2013
CATAL KARA,223/229,239/249,248/254,176/176,247/267,239/271,141/149,Lacombe et al. 2013
CASTEL  2181,223/223,239/249,238/254,176/178,247/267,249/271,131/141,Lacombe et al. 2013
CONCORD EARLY,229/234,245/249,238/254,191/191,243/257,251/271,133/135,Lacombe et al. 2013
BOAL DE FIGUEIRA,219/223,239/262,240/258,186/186,235/257,239/239,131/133,Lacombe et al. 2013
AKITSIS,223/229,239/249,238/240,182/188,216/243,261/271,131/137,Lacombe et al. 2013
CARISTIANO,219/238,239/239,240/254,178/191,233/247,251/255,143/149,Lacombe et al. 2013
CHETCHIPESHI,234/244,247/249,240/240,176/176,259/276,265/273,141/143,Lacombe et al. 2013
DALMASSO 28-24,232/238,243/249,238/254,178/182,233/243,249/257,131/141,Lacombe et al. 2013
AVERY PROLIFIC,223/234,247/249,238/254,176/182,233/243,251/251,131/133,Lacombe et al. 2013
CSERSZEGI FUESZERES,223/232,239/251,248/248,178/191,216/243,249/249,147/149,Lacombe et al. 2013
DEAK FERENC,223/229,243/257,248/248,178/186,233/243,251/271,149/149,Lacombe et al. 2013
BLATINA,234/238,239/243,238/254,178/186,235/257,249/255,131/141,Lacombe et al. 2013
COLOBEL,223/223,239/251,238/248,172/191,235/255,255/271,133/141,Lacombe et al. 2013
COUDERC   126- 22,223/223,239/239,254/254,180/180,243/245,257/271,141/141,Lacombe et al. 2013
COLONEL,229/234,243/243,248/248,176/182,235/257,251/271,135/141,Lacombe et al. 2013
DILBERYANAGI,223/238,243/243,240/248,176/191,233/233,255/261,131/143,Lacombe et al. 2013
BREIDECKER,238/244,239/249,238/240,176/182,227/259,249/251,131/131,Lacombe et al. 2013
CASTEL  6519,225/236,243/249,238/240,176/182,233/257,239/255,131/131,Lacombe et al. 2013
CHERUBINI 73,223/225,239/247,238/248,176/176,227/267,239/263,131/131,Lacombe et al. 2013
BEERHELLER,225/234,247/251,240/248,186/191,216/267,239/263,131/147,Lacombe et al. 2013
DAVIS K 48- 45,225/236,239/249,238/248,176/178,235/243,255/263,131/131,Lacombe et al. 2013
CHERUBINI 81,225/238,239/239,240/248,184/186,233/243,263/271,131/131,Lacombe et al. 2013
