vivc_prime_name,vivc_no,ssr_source,ssr_vvs2_a,ssr_vvs2_b,ssr_vvmd5_a,ssr_vvmd5_b,ssr_vvmd7_a,ssr_vvmd7_b,ssr_vvmd25_a,ssr_vvmd25_b,ssr_vvmd27_a,ssr_vvmd27_b,ssr_vvmd28_a,ssr_vvmd28_b,ssr_vvmd32_a,ssr_vvmd32_b,ssr_vrzag62_a,ssr_vrzag62_b,ssr_vrzag79_a,ssr_vrzag79_b
AFUS ALI,122.0,Margaryan 2021,133,135,228,234,239,249,249,255,186,186,234,258,258,272,186,188,243,251
AGHAVNADZORI MUG VARDAGUYN,26231.0,Margaryan 2021,135,145,238,242,239,247,241,255,186,195,240,244,250,272,194,196,251,251
AGHAVNADZORI SPITAK,26230.0,Margaryan 2021,135,151,236,238,239,249,249,255,186,195,244,244,250,272,188,200,251,257
AIGENI SEV,149.0,Margaryan 2021,143,151,236,240,239,247,241,249,186,195,240,244,256,272,194,196,251,257
AIGEZARD,5746.0,Margaryan 2021,143,151,238,242,233,243,249,255,184,195,234,244,256,272,188,196,251,257
ALDARA SPITAK,21875.0,Margaryan 2021,125,137,230,238,239,247,239,241,186,195,236,278,252,272,188,204,247,251
AMBARI/SHAFEI,,Margaryan 2021,143,145,238,242,243,247,239,255,186,195,244,244,250,250,188,202,247,251
ANAHIT,5749.0,Margaryan 2021,135,143,234,236,243,247,249,255,186,186,236,236,272,272,192,196,239,251
ANUSH,16457.0,Margaryan 2021,141,155,226,240,239,253,241,245,195,195,218,244,250,256,188,188,249,259
ANUSHAYUT,5752.0,Margaryan 2021,125,133,238,240,243,249,241,241,180,182,244,258,250,272,188,196,243,247
ANUSHIK,17702.0,Margaryan 2021,143,155,236,238,243,247,241,255,180,186,218,244,250,272,188,204,251,255
APOI KHAGOG,514.0,Margaryan 2021,143,145,236,248,239,249,239,249,182,198,244,258,250,272,188,194,247,253
ARAGATSI,525.0,Margaryan 2021,151,155,236,236,239,243,245,249,182,195,244,244,250,272,188,196,247,249
ARARATI,553.0,Margaryan 2021,135,151,236,238,247,249,249,255,182,186,236,244,250,272,194,200,247,251
ARAZI,21890.0,Margaryan 2021,133,151,230,230,239,247,249,249,180,186,244,272,248,272,194,194,239,255
ARENI SEV,576.0,Margaryan 2021,133,133,238,242,249,249,241,255,180,186,244,244,272,292,196,200,243,247
AREVABUYR,26997.0,Margaryan 2021,143,149,234,236,243,247,249,255,180,195,234,236,252,272,188,192,255,257
AREVAR,581.0,Margaryan 2021,151,155,226,230,239,249,245,249,186,195,218,244,250,272,188,202,251,257
AREVSHAT,5755.0,Margaryan 2021,151,151,238,242,233,243,249,249,180,184,234,244,272,272,188,196,247,251
ARMENIA,617.0,Margaryan 2021,143,155,226,236,239,243,241,245,195,195,244,272,256,272,188,196,249,257
ARPA,16460.0,Margaryan 2021,125,133,238,242,247,249,241,241,182,195,244,258,250,272,194,196,243,259
ARTAGES,5757.0,Margaryan 2021,125,155,242,266,247,251,239,241,180,195,244,278,272,272,188,194,241,251
ARTASHATI KARMIR,5758.0,Margaryan 2021,125,133,238,240,243,247,241,241,180,180,244,258,250,272,188,194,239,247
AYVAZYANI MUSKATENI,17701.0,Margaryan 2021,143,149,236,240,247,247,255,255,186,195,236,236,272,272,192,196,239,257
AYVAZYANI VARDABUYR,26234.0,Margaryan 2021,133,143,234,238,239,239,239,249,180,195,234,244,272,272,188,196,249,251
AZATENI,820.0,Margaryan 2021,133,143,230,238,247,249,239,241,186,195,244,282,266,272,190,196,251,251
BAGARANI,27135.0,Margaryan 2021,135,143,240,242,243,249,239,255,184,195,236,248,256,272,190,206,249,251
BANANTS/BAYAN SHIREI,,Margaryan 2021,143,143,230,240,243,247,239,255,195,195,236,244,272,272,190,204,251,251
BLACK ALICANTE,16598.0,Margaryan 2021,133,151,238,240,247,249,239,255,182,186,254,260,250,252,202,204,237,247
CHARENTSI,2459.0,Margaryan 2021,125,133,238,242,247,249,241,241,182,195,244,260,250,272,194,196,243,259
CHARENTSI 2,27136.0,Margaryan 2021,125,133,238,242,243,247,241,241,180,195,244,258,272,292,188,194,239,247
CHGHLENI,27139.0,Margaryan 2021,125,143,240,242,239,247,239,255,180,184,226,242,258,262,196,204,247,249
CHRAGI ERKSER,2622.0,Margaryan 2021,137,145,228,230,243,249,241,241,186,186,234,244,252,272,186,202,243,251
CHRAGI SPITAK,27096.0,Margaryan 2021,145,145,230,238,243,247,239,241,186,195,244,244,250,252,200,202,247,251
COARNA NEAGRA,2726.0,Margaryan 2021,137,143,238,238,247,249,241,249,180,186,234,244,256,274,188,200,247,251
DEGHIN YEREVANI/SULTANINA,,Margaryan 2021,145,151,236,236,239,253,239,249,182,195,218,244,250,250,188,188,247,259
DUNAVSKI LAZUR,3723.0,Margaryan 2021,133,133,238,242,237,247,239,241,180,182,236,244,240,272,180,190,249,255
DZHANDZHAL KARA,3760.0,Margaryan 2021,125,155,236,242,243,249,241,245,180,195,234,258,250,272,188,196,247,251
DZRALI,3776.0,Margaryan 2021,141,145,238,242,253,259,241,267,180,180,236,258,250,250,196,200,237,249
EGHEGNADZORI SEV,26229.0,Margaryan 2021,135,155,228,248,239,243,245,255,186,186,272,280,252,254,188,200,249,251
ERASKHENI,3924.0,Margaryan 2021,143,153,236,238,233,239,245,255,195,195,244,258,258,274,188,196,249,257
ERAZ,16483.0,Margaryan 2021,141,147,0,0,245,253,243,267,182,186,236,258,270,272,200,200,257,259
GARA SHANY,21990.0,Margaryan 2021,145,151,236,242,253,253,239,249,186,195,218,258,250,256,188,192,247,251
GARAN DMAK,4398.0,Margaryan 2021,125,143,236,238,247,249,239,241,180,182,278,280,266,274,190,194,239,251
GAVTENI,4483.0,Margaryan 2021,145,151,236,242,239,239,239,249,190,195,218,244,250,272,188,188,255,257
GENOTYPE 100,,Margaryan 2021,137,143,238,242,247,249,241,255,186,190,236,244,256,272,200,204,249,251
GENOTYPE 15,,Margaryan 2021,133,151,230,230,239,249,249,249,186,195,236,244,240,272,186,194,241,249
GENOTYPE 16,,Margaryan 2021,135,135,238,238,239,253,249,255,180,186,244,282,272,272,202,204,239,251
GENOTYPE 2,,Margaryan 2021,125,143,228,238,239,247,239,245,182,186,236,258,252,262,192,204,239,251
GENOTYPE 20,,Margaryan 2021,135,151,234,236,243,247,249,255,180,195,236,236,250,272,188,192,255,257
GENOTYPE 21,,Margaryan 2021,135,151,230,238,249,253,249,255,180,195,244,244,240,258,186,188,255,257
GENOTYPE 22,,Margaryan 2021,135,151,234,238,243,251,249,255,184,190,236,244,250,254,188,194,247,261
GENOTYPE 24,,Margaryan 2021,135,151,236,238,241,251,249,255,182,186,236,244,250,272,188,188,241,251
GENOTYPE 26,,Margaryan 2021,135,155,228,242,247,249,239,245,180,186,236,244,252,272,192,194,251,257
GENOTYPE 28,,Margaryan 2021,137,137,228,228,239,239,249,255,0,0,244,268,240,256,188,194,0,0
GENOTYPE 29,,Margaryan 2021,137,137,228,230,263,263,241,249,176,186,236,236,266,272,194,194,243,251
GENOTYPE 3,,Margaryan 2021,125,143,228,244,239,249,239,255,180,186,236,240,258,266,192,192,239,251
GENOTYPE 30,,Margaryan 2021,137,145,238,242,239,247,239,241,186,190,244,244,250,272,188,204,251,255
GENOTYPE 31,,Margaryan 2021,141,143,234,236,239,247,239,239,190,190,234,282,248,252,196,204,249,251
GENOTYPE 32,,Margaryan 2021,141,143,236,238,239,239,239,255,180,186,236,258,252,272,188,188,247,251
GENOTYPE 34,,Margaryan 2021,141,147,228,242,249,253,243,267,182,186,236,236,262,272,200,202,257,259
GENOTYPE 35,,Margaryan 2021,143,143,228,242,249,249,255,255,186,190,236,244,272,272,188,200,249,249
GENOTYPE 36,,Margaryan 2021,143,145,228,242,247,249,239,245,186,195,236,236,248,272,200,204,251,257
GENOTYPE 40,,Margaryan 2021,143,151,234,242,243,243,249,255,180,195,244,244,250,258,188,196,247,249
GENOTYPE 41,,Margaryan 2021,143,153,228,228,239,239,241,249,186,186,236,236,256,272,194,194,249,249
GENOTYPE 43,,Margaryan 2021,145,145,230,236,253,263,239,241,182,195,240,244,244,250,188,194,251,259
GENOTYPE 45,,Margaryan 2021,145,145,238,242,239,247,239,239,180,190,235,278,244,274,190,200,239,243
GENOTYPE 46,,Margaryan 2021,149,151,230,240,243,247,249,255,186,195,234,244,258,272,188,192,247,251
GENOTYPE 47,,Margaryan 2021,149,151,236,240,243,247,249,249,186,195,236,244,272,272,188,192,239,251
GENOTYPE 5,,Margaryan 2021,125,145,242,242,249,265,239,241,180,186,244,258,252,252,188,194,257,257
GENOTYPE 50,,Margaryan 2021,149,153,238,248,247,249,241,241,186,186,258,278,266,274,190,194,239,249
GENOTYPE 51,,Margaryan 2021,151,151,228,230,239,263,239,255,194,198,244,278,246,272,192,194,249,251
GENOTYPE 53,,Margaryan 2021,151,155,234,242,243,247,245,249,195,195,234,258,256,272,188,192,257,257
GENOTYPE 54,,Margaryan 2021,151,155,234,242,247,253,245,249,195,195,234,236,272,272,188,188,253,253
GENOTYPE 55,,Margaryan 2021,151,153,238,240,239,247,239,249,186,190,248,282,244,258,188,204,251,259
GENOTYPE 56,,Margaryan 2021,151,155,236,242,249,251,243,247,195,195,238,248,256,272,186,186,247,257
GENOTYPE 57,,Margaryan 2021,133,151,0,0,239,249,249,249,186,195,0,0,240,272,194,202,239,249
GENOTYPE 6,,Margaryan 2021,133,133,236,238,247,261,239,249,180,186,234,248,248,272,194,204,247,247
GENOTYPE 60,,Margaryan 2021,0,0,230,238,243,247,239,241,186,195,244,244,250,252,200,204,247,251
GENOTYPE 61,,Margaryan 2021,125,133,238,242,243,249,241,241,180,195,258,260,250,272,188,196,239,259
GENOTYPE 62,,Margaryan 2021,125,143,228,230,239,255,239,255,182,190,236,272,258,272,188,204,243,247
GENOTYPE 63,,Margaryan 2021,133,133,240,242,239,243,239,241,190,193,234,235,240,250,188,188,247,261
GENOTYPE 64,,Margaryan 2021,133,135,230,238,241,249,241,255,182,184,248,260,250,252,188,196,243,247
GENOTYPE 65,,Margaryan 2021,133,135,230,240,241,249,241,255,180,184,248,260,250,272,188,196,239,247
GENOTYPE 66,,Margaryan 2021,133,135,238,242,249,249,241,255,182,195,246,246,252,256,186,194,255,257
GENOTYPE 67,,Margaryan 2021,133,135,238,242,249,249,241,255,186,186,244,272,272,292,194,196,239,243
GENOTYPE 68,,Margaryan 2021,133,143,236,238,235,263,241,255,180,190,244,258,248,258,194,196,249,251
GENOTYPE 69,,Margaryan 2021,133,145,226,234,239,243,241,241,188,190,234,246,240,250,188,188,243,247
GENOTYPE 70,,Margaryan 2021,133,153,230,234,235,255,239,249,182,190,236,258,246,272,200,206,247,251
GENOTYPE 71,,Margaryan 2021,135,141,236,236,239,247,239,255,180,186,236,258,250,272,190,200,243,249
GENOTYPE 72,,Margaryan 2021,135,151,238,238,247,247,249,255,182,184,218,244,240,272,194,196,251,259
GENOTYPE 74,,Margaryan 2021,137,137,228,236,239,245,239,239,186,190,260,260,270,272,202,202,243,251
GENOTYPE 75,,Margaryan 2021,137,151,236,240,239,243,239,249,186,195,218,272,248,272,188,196,239,251
GENOTYPE 76,,Margaryan 2021,137,153,236,242,239,249,249,249,180,186,246,258,252,262,188,204,243,253
GENOTYPE 77,,Margaryan 2021,141,143,238,258,249,253,255,267,180,186,234,258,250,272,190,200,249,251
GENOTYPE 78,,Margaryan 2021,143,145,238,248,249,249,239,255,186,195,258,258,250,256,186,200,243,257
GENOTYPE 79,,Margaryan 2021,143,149,230,234,249,253,241,255,186,195,236,278,258,292,196,204,243,257
GENOTYPE 80,,Margaryan 2021,125,133,228,236,245,247,239,245,180,182,0,0,232,272,192,204,251,251
GENOTYPE 81,,Margaryan 2021,125,133,236,242,245,253,239,245,182,190,240,244,258,272,200,202,247,259
GENOTYPE 84,,Margaryan 2021,133,135,228,236,249,259,239,241,182,182,0,0,234,272,196,204,247,259
GENOTYPE 85,,Margaryan 2021,133,141,234,238,235,243,239,255,186,195,244,244,248,262,194,204,237,251
GENOTYPE 86,,Margaryan 2021,133,141,238,240,263,263,239,239,192,195,248,254,244,262,194,204,239,251
GENOTYPE 87,,Margaryan 2021,125,143,238,242,239,253,245,255,176,182,236,258,272,272,200,200,237,247
GENOTYPE 88,,Margaryan 2021,125,143,228,230,247,255,239,255,182,195,236,272,258,272,204,204,247,257
GENOTYPE 9,,Margaryan 2021,133,143,228,238,243,249,245,255,180,182,236,248,248,252,194,194,243,253
GENOTYPE 90,,Margaryan 2021,135,143,230,242,247,247,239,255,180,180,236,244,262,272,190,206,237,247
GENOTYPE 93,,Margaryan 2021,141,151,230,238,235,263,249,249,182,195,228,262,246,250,194,200,251,251
GENOTYPE 94,,Margaryan 2021,133,151,230,238,239,259,241,245,180,182,240,258,244,274,188,196,245,249
GENOTYPE 95,,Margaryan 2021,141,151,238,238,245,261,237,239,184,194,254,254,244,246,200,202,239,249
GENOTYPE 96,,Margaryan 2021,131,131,0,0,235,257,237,239,184,184,234,248,0,0,194,194,251,251
GENOTYPE 99,,Margaryan 2021,145,151,234,238,245,247,241,249,195,195,244,258,250,272,188,194,251,257
GOETHE,4851.0,Margaryan 2021,125,135,234,240,235,247,241,255,186,188,230,236,246,252,192,206,239,247
GORULA,4910.0,Margaryan 2021,141,143,238,238,247,253,255,267,176,186,234,244,250,272,190,200,237,251
HADISI,65.0,Margaryan 2021,133,143,234,238,247,249,241,241,180,186,244,278,266,292,190,196,239,243
HAGHTANAK,5759.0,Margaryan 2021,133,145,226,234,239,243,241,241,190,190,234,235,240,250,188,188,243,247
HAGHTANAKI QUYR,26045.0,Margaryan 2021,133,133,0,0,239,243,239,241,190,190,234,235,244,250,188,200,243,247
HAKOBI VORDI,24880.0,Margaryan 2021,135,145,238,242,247,249,239,255,186,195,244,248,254,272,190,194,247,249
HASTAKOT,728.0,Margaryan 2021,143,155,228,238,247,253,239,245,182,186,236,258,252,272,192,204,251,251
HAYASTAN,22017.0,Margaryan 2021,133,151,230,234,247,247,239,249,186,195,234,236,250,272,192,196,251,257
HAYRENIQ,16453.0,Margaryan 2021,133,151,236,240,247,255,239,249,186,195,244,244,272,272,196,204,251,257
HRUSHAKI,10412.0,Margaryan 2021,151,151,236,240,239,247,249,249,180,182,218,236,250,272,188,188,247,259
ISABELLA,5560.0,Margaryan 2021,123,151,240,240,235,249,241,249,180,184,226,236,248,272,202,204,237,247
ITALIA,5582.0,Margaryan 2021,133,149,234,240,243,247,239,249,180,195,234,244,252,272,192,204,255,257
ITSAPTUK/KHUSAINE BELYI,,Margaryan 2021,147,155,226,236,243,243,245,255,195,195,244,258,250,272,188,196,249,249
KAKHET,5895.0,Margaryan 2021,135,143,242,242,239,253,255,255,180,180,236,236,250,272,202,202,237,249
KALTAK KARA,5941.0,Margaryan 2021,141,143,230,242,233,253,255,255,180,186,244,244,250,258,188,202,251,251
KANDAHARI SIAH,5956.0,Margaryan 2021,141,155,236,242,233,243,245,255,180,195,244,246,258,272,188,196,247,249
KAQAVIK/KISHMISH KHISHRAU,,Margaryan 2021,151,151,230,236,243,249,249,249,182,195,218,244,250,250,188,202,251,257
KARMIR KAKHANI,6000.0,Margaryan 2021,135,151,242,242,243,253,249,267,180,195,238,244,250,272,188,196,247,257
KARMIR KOTENI,6001.0,Margaryan 2021,135,155,228,236,239,239,245,255,180,182,0,0,262,272,188,188,247,251
KARMIR SHABI/RIZAMAT,,Margaryan 2021,151,155,230,242,233,253,245,249,180,195,234,244,256,258,188,196,247,257
KARMIR YEREVANI,27134.0,Margaryan 2021,143,151,230,236,239,247,239,249,186,195,218,278,250,272,188,204,251,259
KARMRAHYUT,6002.0,Margaryan 2021,133,133,238,240,243,249,241,241,180,182,244,260,250,292,188,196,239,243
KARMRASHAT,6003.0,Margaryan 2021,133,133,228,240,239,247,241,249,180,182,246,260,252,272,196,204,243,255
KHAGOG SEV 2,21736.0,Margaryan 2021,143,155,230,242,247,249,245,255,180,186,244,272,258,272,200,204,247,251
KHATUN KHARDJI/KHATUN KHARDZHI,,Margaryan 2021,143,145,238,242,247,249,241,255,186,186,244,244,250,292,194,196,243,251
KHATUNY,6169.0,Margaryan 2021,137,145,226,242,239,245,239,241,190,195,236,244,250,250,196,196,237,257
KHNDOGHNI/KHINDOGNY,,Margaryan 2021,133,155,228,236,239,249,241,245,182,195,258,272,258,272,188,204,247,251
KISHMISH CHERNYI TEINTURIER,25979.0,Margaryan 2021,151,155,236,236,249,253,245,249,182,195,218,246,250,250,188,202,247,251
KISHMISH KARMIR,26998.0,Margaryan 2021,133,143,236,240,243,251,239,241,186,195,244,260,250,272,188,202,251,259
KISHMISH MOLDAVSKII,14053.0,Margaryan 2021,135,151,236,238,239,249,249,255,182,186,236,244,250,272,188,188,239,247
KOGHBENI,6364.0,Margaryan 2021,135,143,230,238,247,247,239,255,180,195,236,244,250,272,190,190,237,251
KUTUZOVSKII,6585.0,Margaryan 2021,135,143,238,240,249,251,249,255,180,190,236,244,256,274,194,200,247,261
LALVARI 1,,Margaryan 2021,137,145,238,240,249,259,241,267,180,195,244,244,250,250,190,196,251,251
LALVARI 2,,Margaryan 2021,137,145,238,240,233,247,241,267,180,195,244,244,250,250,190,196,251,251
LALVARI 3,,Margaryan 2021,137,145,238,240,247,259,241,267,180,195,242,244,250,250,190,196,251,251
LEVONI MUG VARDAGUYN,26226.0,Margaryan 2021,125,145,238,248,239,247,239,241,176,180,236,258,252,266,188,204,247,249
LKENY CHERNYI,6879.0,Margaryan 2021,125,137,236,242,239,239,241,245,182,186,240,258,272,272,188,200,243,247
MAGHLARI MSKHVILTVALA,7090.0,Margaryan 2021,141,143,236,240,247,253,241,267,176,186,232,242,250,250,190,200,237,251
MARMARI/KISHMISH MRAMORNYI,,Margaryan 2021,145,151,236,236,239,253,239,249,182,195,218,244,250,250,188,188,239,251
MASIS,7470.0,Margaryan 2021,135,143,236,248,239,249,241,255,180,180,248,272,272,272,188,200,247,251
MEGHRABUYR,7588.0,Margaryan 2021,125,133,230,230,249,253,241,249,190,195,244,258,272,292,186,188,243,249
MERDZAVAN,16508.0,Margaryan 2021,125,133,238,238,249,249,241,241,180,180,244,244,250,272,182,196,239,247
MOLDOVA,7896.0,Margaryan 2021,133,135,238,242,243,251,241,255,182,195,228,236,252,256,188,194,255,257
MORMOR,8002.0,Margaryan 2021,133,133,238,242,249,249,241,255,180,186,244,244,272,292,196,200,243,247
MOSCHATO MAVRO,8069.0,Margaryan 2021,133,135,230,238,245,249,241,255,180,186,246,258,264,272,186,202,239,255
MOVSESI,8095.0,Margaryan 2021,137,141,238,242,239,239,239,241,184,195,244,258,272,272,188,188,249,249
MSKHALI,8109.0,Margaryan 2021,135,151,240,248,247,249,249,255,180,195,236,248,256,272,188,200,247,247
MTSVANE KAKHURI,8121.0,Margaryan 2021,135,141,236,242,247,253,239,267,180,180,236,240,262,272,190,200,237,237
MUSCAT A PETITS GRAINS BLANCS,8193.0,Margaryan 2021,133,133,230,238,233,249,241,249,180,195,246,268,264,272,186,196,251,255
MUSCAT A PETITS GRAINS NOIRS,8238.0,Margaryan 2021,0,0,230,238,249,249,0,0,180,195,246,268,0,0,0,0,0,0
MUSCAT DEGHIN,26999.0,Margaryan 2021,133,149,234,240,239,249,241,249,180,186,236,268,240,272,186,188,251,255
MUSCAT HAYKAKAN,8266.0,Margaryan 2021,135,135,230,230,245,249,255,255,180,186,246,258,272,272,186,202,239,255
MUSCAT KARMIR,27000.0,Margaryan 2021,133,143,230,234,239,247,249,255,180,186,236,246,264,272,194,196,255,257
MUSCAT OTTONEL,8243.0,Margaryan 2021,133,143,228,230,239,243,249,255,180,190,258,268,240,264,188,194,255,259
MUSCAT SPITAK AYGAVANI,26228.0,Margaryan 2021,149,151,236,240,247,249,249,249,180,195,236,244,272,272,186,196,255,257
MUSCAT SPITAK MERDZAVANI,27001.0,Margaryan 2021,135,141,230,236,245,249,239,255,180,186,236,246,264,272,186,202,239,249
MUSCAT VARDAGUYN AYGAVANI,26227.0,Margaryan 2021,135,143,230,240,247,247,255,255,180,186,244,244,250,272,192,196,251,255
MUSHKETNYI,8260.0,Margaryan 2021,133,135,230,248,247,249,239,255,180,195,248,276,252,272,200,204,237,251
MUSKAT DESERTNYI,8271.0,Margaryan 2021,149,155,230,238,247,251,241,249,180,182,218,244,272,272,204,204,255,259
MUSKAT USBEKISTANSKII,8295.0,Margaryan 2021,133,155,234,242,251,253,245,249,180,180,234,244,256,264,186,188,247,255
MUSKAT YEREVANYAN,22104.0,Margaryan 2021,135,151,230,230,247,253,249,255,180,180,234,244,240,258,188,194,247,255
NAZELI KORISOV,27092.0,Margaryan 2021,143,151,230,236,239,243,241,249,186,195,236,246,248,272,188,196,251,257
NAZELI/ESKERI,,Margaryan 2021,141,145,236,240,239,253,239,241,180,195,218,258,250,272,188,198,251,259
NERKARAT,8487.0,Margaryan 2021,125,133,238,238,247,249,241,241,180,195,244,244,272,292,194,196,239,259
NOSRAHAT,8607.0,Margaryan 2021,135,143,238,238,245,249,255,257,182,186,236,258,262,272,200,202,251,259
NOYEMBERYANI TEGHAKAN/TELKI KURUK,,Margaryan 2021,143,145,238,242,249,249,249,249,180,186,244,258,252,262,200,204,251,251
OPSIMOS EDESSIS,8789.0,Margaryan 2021,135,143,236,248,243,247,249,255,182,186,258,258,250,252,186,200,251,259
PARKENT,8942.0,Margaryan 2021,143,151,230,238,233,247,249,255,184,195,244,244,258,272,196,196,251,257
PARVANA,14068.0,Margaryan 2021,151,151,236,242,243,243,249,249,182,195,234,244,250,272,188,188,251,257
POGOSYAN 1746 34,,Margaryan 2021,137,143,236,238,235,247,237,241,182,190,242,244,258,266,190,202,243,253
POGOSYAN 2170 12,,Margaryan 2021,125,133,230,230,247,253,241,249,180,190,244,252,272,292,188,194,243,255
RKATSITELI,10116.0,Margaryan 2021,133,141,236,242,247,253,239,267,180,182,236,244,262,272,190,200,249,259
SALEM,10498.0,Margaryan 2021,135,155,232,238,235,247,241,241,186,188,230,236,250,272,194,202,239,247
SAPERAVI,10708.0,Margaryan 2021,133,145,226,242,239,239,239,241,190,193,235,244,244,250,188,200,243,261
SAPERAVI ATENIS,10709.0,Margaryan 2021,141,145,242,242,247,253,241,267,180,186,248,268,250,262,200,204,243,247
SPITAK SATENI/SATENI BELYI,,Margaryan 2021,133,133,236,238,239,239,239,241,186,195,240,244,272,272,188,196,251,257
SERMNALI,11516.0,Margaryan 2021,137,151,236,242,239,247,241,249,186,195,218,236,250,272,188,204,251,259
SEV ARAQSENI/ARAKSENI CHERNYI,,Margaryan 2021,133,143,236,240,239,249,241,241,180,195,240,272,256,272,196,204,247,257
SEV KHARDJI/KHARDJI SEV,,Margaryan 2021,133,135,242,248,247,249,241,255,180,186,244,272,256,272,200,204,243,247
SEV KOGHB/ARAYATLY GARA UZUM,,Margaryan 2021,125,133,228,242,239,245,241,245,182,190,240,258,258,272,200,202,243,247
SEV QISHMISH/KISHMISH CHERNYI,,Margaryan 2021,151,155,236,236,249,253,245,249,182,195,218,246,250,250,188,202,247,251
SEVUK,11551.0,Margaryan 2021,143,143,238,242,245,249,239,241,176,186,258,272,258,272,200,202,249,251
SHIRI KHAGHOGH SPITAK,11755.0,Margaryan 2021,125,135,236,238,247,247,239,255,186,186,236,258,252,272,190,204,247,251
SHRKHKAN,,Margaryan 2021,139,155,226,230,249,249,245,255,186,195,236,244,272,272,196,200,251,257
SHTUR ANGUR,11764.0,Margaryan 2021,135,151,236,238,243,253,249,255,186,195,244,248,258,258,188,204,247,257
SPITAK ARAQSENI/ARAKSENI BELYI,,Margaryan 2021,143,151,236,240,239,243,241,249,195,195,246,272,248,272,188,196,251,259
SPITAK ARENI/ARENI SPITAK,,Margaryan 2021,125,133,242,248,239,249,239,241,180,180,240,244,272,272,188,196,239,247
SPITAK AREVIK/AREVIK SPITAK,,Margaryan 2021,137,143,228,230,239,247,239,241,186,195,278,278,252,272,192,204,251,251
SPITAK BERRI/BERRI SPITAK,,Margaryan 2021,133,135,238,238,247,253,241,249,180,186,278,282,272,292,190,204,239,251
SPITAK LERNATU,27152.0,Margaryan 2021,133,155,238,242,239,247,239,241,195,195,244,244,240,272,196,204,249,257
SPITAK NOVRAST/KHALILI BELYI,,Margaryan 2021,125,135,236,242,235,249,239,241,180,186,244,258,250,262,194,196,251,257
SVENI,24405.0,Margaryan 2021,125,135,228,236,239,259,239,239,182,186,236,244,256,258,188,196,247,251
TAVRIZENI/TEBRIZI,,Margaryan 2021,137,137,236,240,239,245,239,241,186,190,258,260,244,272,202,202,243,251
TAYFI VARDAGUYN/TAIFI ROZOVYI,,Margaryan 2021,137,143,230,236,243,247,239,255,180,195,244,244,250,258,188,196,247,257
TCHILAR/CHILAR,,Margaryan 2021,133,135,238,238,249,253,241,249,180,186,278,282,266,272,196,204,239,251
TIGRANI,12439.0,Margaryan 2021,133,145,226,238,239,249,241,241,180,193,235,244,250,272,188,196,247,261
TOKUN,12558.0,Margaryan 2021,135,143,236,236,243,249,241,249,186,195,244,272,272,272,188,200,251,251
TOZOT,12600.0,Margaryan 2021,125,145,236,248,239,255,239,239,180,195,240,272,262,272,188,204,239,247
TSKOBILA,12704.0,Margaryan 2021,141,143,238,242,239,253,241,267,176,186,236,236,250,272,200,202,237,243
USHAHAS NAZELI,12793.0,Margaryan 2021,137,145,236,240,239,239,239,239,186,195,218,258,272,272,198,202,251,259
VAGHAHAS ARENI,25978.0,Margaryan 2021,125,135,236,242,239,247,241,255,182,195,218,272,240,272,188,204,257,259
VAGPATI,12851.0,Margaryan 2021,151,151,236,242,243,249,249,249,180,182,244,244,250,272,196,200,247,247
VANQI/VANKI,,Margaryan 2021,133,145,238,242,239,247,239,255,180,186,244,272,240,250,188,194,247,251
VARANDENI,12894.0,Margaryan 2021,125,143,240,242,239,247,239,255,180,184,0,0,258,262,196,204,247,249
VARDABUIR,12895.0,Margaryan 2021,145,151,228,236,239,239,239,249,186,195,218,244,250,258,188,188,243,257
VARDAGUYN YEREVANI/KISHMISH ROZOVYI,,Margaryan 2021,145,151,236,236,239,253,239,249,182,195,218,244,250,250,188,188,247,259
VARDANANQ,25980.0,Margaryan 2021,125,133,230,238,249,253,241,249,190,195,244,252,272,292,186,188,243,249
VOSKEAT,13165.0,Margaryan 2021,143,145,238,248,247,249,241,241,180,180,258,278,266,274,190,194,239,249
WELSCHRIESLING,13217.0,Margaryan 2021,135,151,228,240,247,257,255,269,186,190,246,258,240,272,194,196,251,251
ZHELUDEVYI,5682.0,Margaryan 2021,145,151,230,230,233,249,241,245,190,195,234,258,272,278,194,196,243,257
ZVARTNOTS,13483.0,Margaryan 2021,151,151,238,242,243,249,249,249,180,186,244,244,250,272,196,200,247,251
