vivc_prime_name,vivc_no_source,tello_variety_name,match_method,ssr_source,ssr_VVS2_raw,ssr_VVS2,ssr_VVMD5_raw,ssr_VVMD5,ssr_VVMD7_raw,ssr_VVMD7,ssr_VVMD27_raw,ssr_VVMD27,ssr_VVMD32_raw,ssr_VVMD32,ssr_VrZAG62_raw,ssr_VrZAG62,ssr_VrZAG79_raw,ssr_VrZAG79
AGADAI,95.0,AGADAI,vivc_no,Tello et al. 2024,135/151,133/149,230/236,226/232,249/249,249/249,186/186,182/182,250/272,249/271,196/200,196/200,251/251,251/251
BAKATOR BELYI,904.0,BAKATOR BELYI,vivc_no,Tello et al. 2024,133/143,131/141,228/236,224/232,239/249,239/249,186/195,182/191,250/272,249/271,194/204,194/204,243/251,243/251
BELA DINKA,16848.0,BELA DINKA,vivc_no,Tello et al. 2024,133/143,131/141,228/248,224/244,239/247,239/247,180/195,176/191,256/272,255/271,188/194,188/194,249/259,249/259
BERBECEL,1148.0,BERBECEL,vivc_no,Tello et al. 2024,143/143,141/141,240/248,236/244,239/249,239/249,188/190,184/186,252/258,251/257,188/194,188/194,243/251,243/251
BLAUFRAENKISCH,1459.0,BLAUFRAENKISCH,vivc_no,Tello et al. 2024,143/143,141/141,228/242,224/238,239/249,239/249,180/195,176/191,250/272,249/271,194/204,194/204,237/251,237/251
BRAGHINA ROSIE,1644.0,BRAGHINA ROSIE,vivc_no,Tello et al. 2024,133/135,131/133,228/242,224/238,239/239,239/239,180/182,176/178,256/272,255/271,188/196,188/196,251/259,251/259
CHAOUCH BLANC,10196.0,CHAOUCH BLANC,vivc_no,Tello et al. 2024,135/151,133/149,230/240,226/236,247/249,247/249,180/184,176/180,252/272,251/271,188/204,188/204,247/249,247/249
CHASSELAS BLANC,2473.0,CHASSELAS,vivc_no,Tello et al. 2024,133/143,131/141,230/238,226/234,239/247,239/247,186/190,182/186,240/240,239/239,194/204,194/204,251/259,251/259
COARNA ALBA,2724.0,COARNA ALBA,vivc_no,Tello et al. 2024,133/143,131/141,240/248,236/244,239/239,239/239,180/182,176/178,264/272,263/271,188/188,188/188,251/259,251/259
COARNA NEAGRA,2726.0,COARNA NEAGRA,vivc_no,Tello et al. 2024,137/143,135/141,238/238,234/234,247/249,247/249,180/186,176/182,256/274,255/273,188/200,188/200,247/251,247/251
CSABA GYOENGYE,9166.0,CSABA GYOENGYE,vivc_no,Tello et al. 2024,133/155,131/153,238/238,234/234,247/249,247/249,180/182,176/178,272/272,271/271,186/204,186/204,255/259,255/259
DIMYAT,5716.0,DIMYAT,vivc_no,Tello et al. 2024,143/143,141/141,242/248,238/244,239/249,239/249,180/182,176/178,250/264,249/263,188/204,188/204,237/259,237/259
EZERJO,4027.0,EZERJO,vivc_no,Tello et al. 2024,133/143,131/141,228/234,224/230,239/239,239/239,180/186,176/182,256/272,255/271,188/188,188/188,237/251,237/251
FERDINAND DE LESSEPS,4088.0,FERDINAND DE LESSEPS,vivc_no,Tello et al. 2024,149/151,147/149,234/234,230/230,235/249,235/249,180/180,176/176,272/272,271/271,186/202,186/202,237/255,237/255
FURMINT,4292.0,FURMINT,vivc_no,Tello et al. 2024,133/153,131/151,228/242,224/238,239/249,239/249,180/195,176/191,264/272,263/271,188/204,188/204,237/249,237/249
GRK CRNI,5067.0,GRK CRNI,vivc_no,Tello et al. 2024,133/135,131/133,230/238,226/234,239/249,239/249,182/195,178/191,256/264,255/263,194/196,194/196,249/249,249/249
HARSLEVELUE,5314.0,HARSLEVELUE,vivc_no,Tello et al. 2024,133/145,131/143,228/234,224/230,239/247,239/247,180/180,176/176,264/272,263/271,188/204,188/204,237/251,237/251
KADARKA FEHER,5899.0,KADARKA FEHER,vivc_no,Tello et al. 2024,133/135,131/133,242/242,238/238,239/239,239/239,180/186,176/182,252/272,251/271,196/196,196/196,251/251,251/251
KADARKA KEK,5898.0,KADARKA KEK,vivc_no,Tello et al. 2024,133/135,131/133,228/228,224/224,247/255,247/255,186/195,182/191,272/272,271/271,188/204,188/204,249/251,249/251
KADARKA SRB,24623.0,KADARKA SRB,vivc_no,Tello et al. 2024,135/143,133/141,234/242,230/238,249/249,249/249,182/190,178/186,250/268,249/267,194/204,194/204,243/243,243/243
KNIPPERLE,6312.0,KNIPPERLE,vivc_no,Tello et al. 2024,143/151,141/149,230/236,226/232,239/239,239/239,180/190,176/186,240/250,239/249,194/196,194/196,237/245,237/245
KOEVIDINKA,13727.0,KOEVIDINKA,vivc_no,Tello et al. 2024,133/143,131/141,236/242,232/238,239/249,239/249,182/188,178/184,252/272,251/271,188/194,188/194,251/259,251/259
KOKUR BELYI,6375.0,KOKUR BELYI,vivc_no,Tello et al. 2024,145/145,143/143,230/240,226/236,239/249,239/249,188/188,184/184,250/262,249/261,194/204,194/204,251/251,251/251
KREACA,6501.0,KREACA,vivc_no,Tello et al. 2024,133/143,131/141,242/248,238/244,239/247,239/247,180/182,176/178,252/264,251/263,188/204,188/204,251/259,251/259
KRIVAJA,24929.0,KRIVAJA,vivc_no,Tello et al. 2024,139/143,137/141,234/234,230/230,239/239,239/239,186/186,182/182,252/272,251/271,188/188,188/188,251/251,251/251
KRKOSIJA,16850.0,KRKOSIJA,vivc_no,Tello et al. 2024,133/153,131/151,228/232,224/228,239/239,239/239,180/195,176/191,250/272,249/271,188/196,188/196,249/249,249/249
LISZTES FEHER,17061.0,LISZTES FEHER,vivc_no,Tello et al. 2024,133/145,131/143,234/242,230/238,247/249,247/249,180/182,176/178,248/258,247/257,204/204,204/204,237/259,237/259
MOSCATO GIALLO,8056.0,MOSCATO GIALLO,vivc_no,Tello et al. 2024,133/143,131/141,230/242,226/238,239/249,239/249,180/180,176/176,258/272,257/271,186/188,186/188,249/255,249/255
MUSCAT A PETITS GRAINS BLANCS,8193.0,MUSCAT A PETITS GRAINS,vivc_no,Tello et al. 2024,133/133,131/131,230/238,226/234,233/249,233/249,180/195,176/191,264/272,263/271,186/196,186/196,251/255,251/255
MUSCAT FLEUR D'ORANGER,8221.0,MUSCAT FLEUR D'ORANGER,vivc_no,Tello et al. 2024,133/133,131/131,230/238,226/234,247/249,247/249,180/186,176/182,240/272,239/271,186/204,186/204,251/255,251/255
MUSTOASA DE MADERAT,8311.0,MUSTOASA DE MADERAT,vivc_no,Tello et al. 2024,143/145,141/143,234/242,230/238,247/249,247/249,182/195,178/191,264/272,263/271,204/204,204/204,243/249,243/249
NEGRU VIRTOS,8466.0,NEGRU VIRTOS,vivc_no,Tello et al. 2024,143/143,141/141,230/236,226/232,249/249,249/249,180/186,176/182,264/272,263/271,194/204,194/204,237/251,237/251
OHRIDSKO BELO,21403.0,OHRIDSKO BELO,vivc_no,Tello et al. 2024,143/143,141/141,236/248,232/244,247/249,247/249,188/195,184/191,252/272,251/271,194/204,194/204,249/251,249/251
PAMID,8899.0,PAMID,vivc_no,Tello et al. 2024,135/143,133/141,228/248,224/244,239/239,239/239,184/190,180/186,252/256,251/255,188/188,188/188,243/251,243/251
PARMAK CERVEN,8945.0,PARMAK CERVEN,vivc_no,Tello et al. 2024,139/143,137/141,234/248,230/244,239/247,239/247,182/186,178/182,252/272,251/271,186/188,186/188,251/259,251/259
PINOT NOIR,9279.0,PINOT,vivc_no,Tello et al. 2024,137/151,135/149,230/240,226/236,239/243,239/243,186/190,182/186,240/272,239/271,188/194,188/194,239/245,239/245
PROKUPAC,9734.0,PROKUPAC,vivc_no,Tello et al. 2024,143/145,141/143,228/230,224/226,249/249,249/249,182/186,178/182,272/272,271/271,194/200,194/200,243/251,243/251
PURCSIN,9822.0,PURCSIN,vivc_no,Tello et al. 2024,133/133,131/131,228/228,224/224,239/239,239/239,180/190,176/186,250/272,249/271,188/194,188/194,247/255,247/255
RUZA BIJELA,10419.0,RUZA BIJELA,vivc_no,Tello et al. 2024,133/143,131/141,240/242,236/238,239/249,239/249,182/182,178/178,264/272,263/271,188/204,188/204,243/259,243/259
SEDUCHA,10855.0,SEDUCHA,vivc_no,Tello et al. 2024,133/135,131/133,228/228,224/224,247/255,247/255,182/195,178/191,248/272,247/271,188/204,188/204,249/259,249/259
SEMILLON,11480.0,SEMILLON,vivc_no,Tello et al. 2024,133/133,131/131,238/240,234/236,239/257,239/257,176/186,172/182,240/272,239/271,188/194,188/194,247/251,247/251
SREMSKA ZELENIKA,15934.0,SREMSKA ZELENIKA,vivc_no,Tello et al. 2024,133/133,131/131,228/242,224/238,239/247,239/247,180/195,176/191,250/272,249/271,188/204,188/204,249/255,249/255
STANUSINA CRNA,11994.0,STANUSINA CRNA,vivc_no,Tello et al. 2024,133/135,131/133,234/240,230/236,239/249,239/249,182/186,178/182,250/272,249/271,188/194,188/194,243/259,243/259
TAMJANIKA CRNA,8057.0,TAMJANIKA CRNA,vivc_no,Tello et al. 2024,133/135,131/133,238/242,234/238,239/249,239/249,180/195,176/191,264/272,263/271,186/188,186/188,249/255,249/255
UNKNOWN SRB #01,,Unknown SRB #01,name_only,Tello et al. 2024,133/143,131/141,242/242,238/238,239/249,239/249,180/184,176/180,256/274,255/273,196/204,196/204,237/251,237/251
UNKNOWN SRB #03,,Unknown SRB #03,name_only,Tello et al. 2024,137/145,135/143,240/240,236/236,243/249,243/249,190/195,186/191,250/272,249/271,188/204,188/204,245/257,245/257
UNKNOWN SRB #04,,Unknown SRB #04,name_only,Tello et al. 2024,133/135,131/133,228/248,224/244,239/249,239/249,180/180,176/176,264/272,263/271,188/204,188/204,237/251,237/251
UNKNOWN SRB #05,,Unknown SRB #05,name_only,Tello et al. 2024,133/143,131/141,230/240,226/236,239/249,239/249,180/190,176/186,256/258,255/257,188/194,188/194,243/257,243/257
UNKNOWN SRB #06,,Unknown SRB #06,name_only,Tello et al. 2024,151/155,149/153,242/242,238/238,239/263,239/263,182/190,178/186,240/240,239/239,194/194,194/194,251/251,251/251
UNKNOWN SRB #07,,Unknown SRB #07,name_only,Tello et al. 2024,133/135,131/133,228/242,224/238,239/247,239/247,180/182,176/178,258/272,257/271,188/204,188/204,237/259,237/259
UNKNOWN SRB #08,,Unknown SRB #08,name_only,Tello et al. 2024,133/153,131/151,236/240,232/236,247/255,247/255,182/186,178/182,252/258,251/257,202/204,202/204,237/259,237/259
UNKNOWN SRB #09,,Unknown SRB #09,name_only,Tello et al. 2024,143/143,141/141,228/236,224/232,239/255,239/255,182/184,178/180,264/272,263/271,196/204,196/204,243/249,243/249
UNKNOWN SRB #10,,Unknown SRB #10,name_only,Tello et al. 2024,135/145,133/143,228/230,224/226,249/249,249/249,182/190,178/186,250/272,249/271,194/200,194/200,243/251,243/251
UNKNOWN SRB #11,,Unknown SRB #11,name_only,Tello et al. 2024,135/143,133/141,234/242,230/238,249/253,249/253,184/195,180/191,256/256,255/255,188/194,188/194,251/259,251/259
VILLARD BLANC,13081.0,VILLARD BLANC,vivc_no,Tello et al. 2024,133/143,131/141,234/238,230/234,237/251,237/251,182/190,178/186,240/256,239/255,180/194,180/194,255/261,255/261
ZACINAK,13400.0,ZACINAK,vivc_no,Tello et al. 2024,135/145,133/143,228/248,224/244,249/255,249/255,186/195,182/191,272/272,271/271,194/204,194/204,249/251,249/251
ZILAVKA,13446.0,ZILAVKA,vivc_no,Tello et al. 2024,133/153,131/151,228/240,224/236,239/239,239/239,180/195,176/191,252/264,251/263,188/188,188/188,249/249,249/249
ZUNIC,15923.0,ZUNIC,vivc_no,Tello et al. 2024,135/143,133/141,228/248,224/244,239/247,239/247,180/182,176/178,264/272,263/271,188/194,188/194,251/259,251/259
ZUPLJANKA,13480.0,ZUPLJANKA,vivc_no,Tello et al. 2024,145/151,143/149,230/230,226/226,243/249,243/249,186/186,182/182,272/272,271/271,188/200,188/200,239/251,239/251
1 N.I.: NOT INCLUDED IN THE DAPC ANLAYSIS,,1 n.i.: not included in the DAPC anlaysis,name_only,Tello et al. 2024,,,,,,,,,,,,,,
