variety_name,vivc_match,source,ssr_VVIn52_a1,ssr_VVIn52_a2,ssr_VVIn56_a1,ssr_VVIn56_a2,ssr_VVIn74_a1,ssr_VVIn74_a2,ssr_VVIp25b_a1,ssr_VVIp25b_a2,ssr_VVIr09_a1,ssr_VVIr09_a2,ssr_VVIr21_a1,ssr_VVIr21_a2,ssr_VVIv36_a1,ssr_VVIv36_a2,ssr_VVMD25_a1,ssr_VVMD25_a2,ssr_VVMD27_a1,ssr_VVMD27_a2,ssr_VVMD5_a1,ssr_VVMD5_a2,ssr_VVMD7_a1,ssr_VVMD7_a2,ssr_VVS2_a1,ssr_VVS2_a2,ssr_VVip31_a1,ssr_VVip31_a2,ssr_VVip77_a1,ssr_VVip77_a2,ssr_VViq57_a1,ssr_VViq57_a2,ssr_VrZAG62_a1,ssr_VrZAG62_a2,ssr_VrZAG79_a1,ssr_VrZAG79_a2
ISABELLA,ISABELLA,Oliveira_2020,98,120,189,193,304,304,,,,,188,200,175,179,241,249,180,184,240,240,235,249,123,151,,,,,182,186,202,204,237,247
IVES (BORDÔ),,Oliveira_2020,112,120,189,189,310,310,,,,,200,200,175,179,241,241,184,186,238,238,235,249,123,135,,,,,182,186,202,204,247,247
CONCORD #,,Oliveira_2020,98,120,189,193,304,304,344,376,,,188,200,175,179,241,249,180,184,240,240,235,249,123,151,191,195,200,210,182,186,202,204,237,247
ISABELÃO,,Oliveira_2020,98,120,189,193,,,344,376,,,188,200,175,179,241,249,180,184,240,240,235,249,123,151,191,195,,,182,186,202,204,237,247
ISABEL PRECOCE,,Oliveira_2020,98,120,189,193,,,,,,,188,200,175,179,241,249,180,184,240,240,235,249,123,151,,,,,182,186,202,204,237,247
CONCORD PRECOCE,,Oliveira_2020,96,114,189,189,,,,,,,186,202,169,181,241,241,186,186,238,238,235,241,125,133,,,186,210,182,182,202,206,247,259
BRS VIOLETA,,Oliveira_2020,96,120,189,193,304,304,344,372,278,284,200,204,169,175,241,249,182,186,238,238,235,241,123,149,195,201,200,210,182,186,202,202,,
BRS MARGOT,BRS MARGOT,Oliveira_2020,104,120,187,189,,,,,,,192,204,175,191,243,249,188,192,228,228,237,239,139,151,,,,,182,186,180,194,249,259
BRS CORA,,Oliveira_2020,108,120,189,189,298,304,344,376,278,284,188,200,167,169,241,249,186,195,238,240,241,249,123,127,191,203,200,228,182,186,186,202,239,259
BACO 1,BACO 1,Oliveira_2020,104,120,189,191,294,296,376,376,276,294,186,188,169,173,239,239,182,208,236,268,239,265,133,145,191,219,210,222,186,188,196,200,243,255
BLACK JULY #,,Oliveira_2020,104,104,193,205,296,304,,,256,260,188,200,175,181,241,249,180,188,230,240,237,249,133,165,193,209,198,210,186,186,182,204,237,253
CAMPOS DA PAZ,,Oliveira_2020,106,106,181,189,,,,,,,178,192,169,191,255,255,188,195,236,266,239,253,133,137,199,203,,,182,186,188,198,257,263
COUDERC 1,COUDERC 1,Oliveira_2020,104,116,191,199,296,302,374,374,262,268,192,192,191,191,249,249,186,208,238,268,249,251,125,133,191,219,200,200,186,186,202,204,247,259
COUDERC 3,,Oliveira_2020,116,116,189,189,296,302,374,374,262,272,174,204,173,191,249,249,186,202,238,266,239,251,125,133,191,209,192,200,186,190,186,202,,
CUNNINGHAM,CUNNINGHAM,Oliveira_2020,104,104,193,205,,,,,,,188,200,175,181,241,249,180,188,,,237,249,133,165,,,,,186,186,182,204,237,253
CYNTHIANA,CYNTHIANA,Oliveira_2020,98,98,189,189,300,300,332,366,258,268,186,194,169,185,241,251,186,188,236,250,237,247,133,135,193,199,194,200,182,182,180,204,,
EUMELAN,EUMELAN,Oliveira_2020,114,114,189,193,294,294,368,376,280,296,198,202,169,169,239,241,182,186,238,238,235,249,133,143,191,201,200,210,182,186,200,202,259,259
HERBEMONT,HERBEMONT,Oliveira_2020,,,181,191,300,312,366,366,258,272,,,173,177,237,247,188,190,230,246,237,247,133,149,181,209,198,198,186,186,180,204,257,259
IAC 138-22 MÁXIMO,,Oliveira_2020,96,114,189,189,296,296,354,376,272,278,188,204,169,173,241,249,180,202,224,234,239,251,133,139,195,199,200,200,182,186,194,194,249,251
IAC 960-9 SANCHES #,,Oliveira_2020,106,106,189,189,296,296,368,368,256,258,184,200,173,173,255,257,180,190,230,246,237,239,139,143,191,197,200,212,182,182,186,198,249,249
SEIBEL 2,,Oliveira_2020,104,104,187,191,296,310,366,366,262,262,184,188,173,191,243,249,180,202,234,254,237,239,133,147,193,199,200,228,182,186,180,194,,
SEIBEL 7053,SEIBEL 7053,Oliveira_2020,114,120,189,189,298,304,376,376,264,280,178,204,181,191,241,243,188,190,224,236,251,261,133,139,201,209,192,228,182,186,194,202,249,259
SEIBEL 10096,,Oliveira_2020,108,108,189,189,,,374,374,,,178,192,169,175,239,249,,,228,230,239,249,125,143,,,,,184,186,188,204,239,245
SEYVE VILLARD 18-315,SEYVE VILLARD 18-315,Oliveira_2020,120,120,187,189,296,304,376,376,280,280,186,204,181,191,243,255,188,190,228,236,237,261,139,143,191,201,192,210,186,186,180,202,249,261
SR 5012-34 (DONA EMÍLIA),,Oliveira_2020,104,120,181,189,304,304,374,376,262,278,188,204,169,181,243,249,188,190,224,234,239,261,139,151,205,209,200,228,184,186,194,202,,
CATAWBA ROSA #,,Oliveira_2020,96,112,189,191,298,298,346,376,274,284,184,192,169,181,241,241,186,188,240,240,235,247,125,155,195,207,202,228,182,182,,,,
LINDLEY,LINDLEY,Oliveira_2020,104,114,181,189,,,,,,,188,196,169,193,241,241,188,190,230,234,235,247,125,133,,,186,200,182,186,202,204,247,259
GOETH #,,Oliveira_2020,114,114,189,189,304,304,376,376,270,280,186,200,169,179,241,241,180,186,238,238,235,241,123,133,191,201,200,210,182,186,202,204,237,259
BACO 22 A,BACO 22 A,Oliveira_2020,96,104,189,193,,,,,,,178,188,169,181,239,239,182,188,228,228,235,239,125,133,,,,,186,186,196,206,,
BRS LORENA,BRS LORENA,Oliveira_2020,104,120,181,189,,,,,,,178,192,169,191,239,243,180,190,228,254,239,243,133,133,193,195,,,182,186,188,188,255,261
G1590C32458,,Oliveira_2020,114,120,189,193,294,304,374,376,264,272,204,204,175,191,243,249,182,190,224,236,251,257,139,143,201,201,210,228,186,186,194,194,243,259
IAC 21-14 MADALENA,,Oliveira_2020,114,114,181,189,304,316,354,376,262,284,192,204,173,173,241,255,180,182,230,236,239,243,139,143,195,199,204,210,182,186,188,188,,
IAC 74- 1 IARA,,Oliveira_2020,104,104,189,191,296,296,374,376,262,284,178,186,173,175,241,249,190,195,,,239,249,125,133,197,201,202,204,182,184,188,204,,
IAC 116-31 RAINHA,,Oliveira_2020,108,120,189,193,298,304,376,376,262,262,188,204,175,191,243,249,186,188,224,230,243,251,139,151,195,209,192,200,186,186,188,194,239,249
IAC 960-12,,Oliveira_2020,108,120,189,193,,,,,,,188,204,175,191,243,249,186,186,224,230,243,251,139,151,,,,,186,186,,,239,239
JD 930 MOSCATEL DE JUNDIAI,,Oliveira_2020,108,108,187,191,296,300,374,374,262,272,192,192,169,169,239,243,180,190,228,230,239,243,133,133,193,209,192,204,182,186,180,192,,
MOSCATO EMBRAPA,,Oliveira_2020,108,108,191,191,296,318,,,,,190,200,173,179,247,255,180,188,228,240,237,247,143,147,197,203,192,204,180,186,180,192,251,255
SEIBEL 5213,,Oliveira_2020,,,189,189,298,298,374,374,262,278,178,178,169,191,241,249,182,190,252,254,239,243,125,133,201,209,192,222,182,186,188,188,243,259
SEIBEL 5409,SEIBEL 5409,Oliveira_2020,96,120,189,191,296,296,374,376,272,280,178,188,169,189,243,249,186,195,228,246,247,255,133,147,201,205,192,210,182,186,182,194,,
SEIBEL 13680,,Oliveira_2020,110,110,181,189,296,296,374,374,268,278,192,204,169,191,241,255,182,186,234,246,243,251,133,135,191,205,192,192,186,186,188,194,,
SEYVE VILLARD 5276,SEYVE VILLARD 5276,Oliveira_2020,120,120,187,189,296,296,374,376,262,280,178,192,169,191,237,237,190,190,228,254,237,243,133,133,193,201,192,210,182,186,180,188,259,261
SR 496-25,,Oliveira_2020,114,120,189,193,304,304,376,376,256,264,188,204,169,181,241,249,188,190,234,236,257,261,133,151,209,209,200,228,182,186,194,202,245,249
VILLENAVE,,Oliveira_2020,96,120,181,189,294,298,376,376,,,192,192,175,191,237,255,182,190,234,236,249,249,133,151,191,195,192,200,188,188,186,204,243,261
ARAMON #,,Oliveira_2020,108,108,181,189,296,304,356,374,,,190,192,169,169,249,271,182,184,228,236,239,243,139,151,191,195,204,204,184,186,188,188,243,259
ASPIRANT BOUCHET #,,Oliveira_2020,108,108,181,189,296,304,356,374,262,272,190,192,169,169,249,271,182,184,228,236,239,243,139,151,191,195,204,204,184,186,188,188,243,259
BONARDA #,,Oliveira_2020,104,120,189,191,294,296,376,376,276,294,186,188,169,173,239,239,182,208,236,268,239,265,133,145,191,219,210,222,186,188,196,200,,
CABERNET FRANC #,,Oliveira_2020,104,104,181,189,296,296,376,376,256,276,192,204,169,175,239,249,190,192,228,238,239,247,139,151,199,205,204,204,182,184,194,194,259,259
SR 507-08,,Oliveira_2020,104,120,181,189,304,304,374,376,264,278,188,204,169,181,243,249,188,190,224,234,239,261,139,151,205,209,200,228,184,186,194,202,247,249
CARIGNANE,CARIGNANE,Oliveira_2020,104,104,181,191,296,296,354,354,256,276,192,200,169,177,241,255,182,186,228,230,239,239,143,145,191,193,200,200,186,186,186,188,251,259
DURIF,DURIF,Oliveira_2020,96,104,191,191,296,304,374,374,262,278,188,188,169,173,241,249,180,192,234,234,239,251,133,151,197,199,200,200,182,186,194,200,251,251
GARNACHA TINTA,GARNACHA TINTA,Oliveira_2020,114,114,181,191,296,304,364,374,272,284,186,204,169,169,241,255,195,195,228,242,239,243,137,145,191,199,192,196,182,184,188,188,257,257
GRAND NOIR,GRAND NOIR,Oliveira_2020,108,108,181,189,296,304,356,374,262,272,190,192,169,169,249,271,182,184,228,236,239,243,139,151,191,195,204,204,184,186,188,188,243,259
MERLOT NOIR #,,Oliveira_2020,104,104,181,189,,,,,,,192,192,175,175,239,255,182,190,228,242,239,263,139,147,,,200,200,184,186,194,204,247,259
PINOT NOIR,PINOT NOIR,Oliveira_2020,108,120,191,193,304,304,376,376,256,262,188,204,173,175,239,249,186,190,230,240,239,243,137,151,195,199,200,210,186,186,188,194,239,245
RUBY CABERNET,RUBY CABERNET,Oliveira_2020,104,104,181,191,,,,,276,278,192,200,175,177,249,255,176,182,228,234,239,239,143,151,193,205,,,186,186,188,194,247,259
SYRAH,SYRAH,Oliveira_2020,104,104,191,193,,,,,,,186,188,173,173,241,241,190,192,228,234,239,239,133,133,197,205,,,182,186,188,194,245,251
TANNAT,,Oliveira_2020,104,112,181,181,304,304,364,376,256,284,192,198,173,175,255,255,186,190,240,242,249,249,143,155,193,197,204,204,186,186,194,200,239,251
GEWURZTRAMINER,,Oliveira_2020,104,120,181,193,294,304,376,376,256,272,188,204,169,175,249,249,190,190,234,240,243,257,151,151,195,221,,,186,186,188,194,245,251
SÉMILLON,,Oliveira_2020,96,104,191,193,294,300,376,376,272,278,192,204,169,169,241,249,176,186,238,240,239,257,133,133,207,209,210,210,182,184,188,194,247,251
RIESLING WEISS,RIESLING WEISS,Oliveira_2020,104,104,181,191,294,294,376,376,256,256,178,192,173,175,255,269,186,190,228,240,247,257,135,151,189,189,210,210,186,186,194,196,251,251
CHENIN BLANC,CHENIN BLANC,Oliveira_2020,104,104,181,181,296,304,356,374,270,272,,,169,175,241,249,176,190,230,234,239,257,133,151,195,199,192,210,186,186,188,194,247,251
CHARDONNAY BLANC,CHARDONNAY BLANC,Oliveira_2020,110,120,191,191,296,304,376,376,,,192,204,173,175,239,255,182,190,236,240,239,243,137,143,195,199,200,210,186,186,188,196,243,245
BAILEY #,,Oliveira_2020,108,114,193,193,298,304,374,376,254,284,184,188,167,169,237,249,186,195,230,240,249,249,127,135,199,203,210,228,182,186,186,186,239,243
BRS CARMEM,,Oliveira_2020,114,120,189,193,,,374,376,,,,,169,175,241,249,186,186,240,240,241,249,123,127,,,,,182,186,186,202,239,247
BRS VIOLETA,,Oliveira_2020,96,120,189,193,304,304,344,372,278,284,200,204,169,175,241,249,182,186,238,238,235,241,123,149,195,201,200,210,182,186,202,202,,
SEIBEL 5455,SEIBEL 5455,Oliveira_2020,108,108,187,189,,,374,374,,,192,204,169,169,241,249,186,195,228,246,239,243,125,133,,,,,186,186,188,188,245,259
SEIBEL 10146,,Oliveira_2020,106,106,181,187,298,298,374,376,262,278,178,192,169,191,249,249,195,195,228,230,239,251,125,143,201,223,204,204,186,186,188,194,,
SR 496-09,,Oliveira_2020,120,120,181,189,294,304,374,376,272,280,204,204,169,181,243,249,188,190,236,240,243,261,139,151,195,201,192,210,182,186,188,202,,
SEIBEL 5213 #,,Oliveira_2020,114,120,189,189,298,304,376,376,264,280,178,204,181,191,241,243,188,190,224,236,251,261,133,139,201,209,192,228,182,186,194,202,249,259
SEIBEL 1077,,Oliveira_2020,96,96,189,199,296,310,354,354,262,262,184,188,173,191,237,241,192,202,234,254,239,251,133,133,193,199,200,220,186,190,194,194,245,251
IAC 0584-53,,Oliveira_2020,104,110,191,191,304,306,356,360,260,278,184,188,173,175,249,265,176,200,234,234,235,257,139,151,193,209,192,192,186,186,194,196,,
IAC 0583-03,,Oliveira_2020,104,110,189,189,296,306,376,392,,,184,192,177,179,255,263,182,182,234,234,235,239,139,143,193,205,200,218,186,186,188,196,,
SR 5010-08,,Oliveira_2020,120,120,189,189,298,298,374,374,262,284,192,204,169,181,243,249,186,188,224,230,249,261,125,139,205,209,192,192,186,186,202,204,,
SR 501-17,SR 501-17,Oliveira_2020,104,120,189,191,304,304,376,376,264,272,186,204,173,181,241,241,190,192,224,228,239,261,133,133,197,209,192,202,182,182,188,202,249,251
SR 496-15 (DR. JÚLIO),,Oliveira_2020,104,120,189,193,,,,,,,188,204,169,191,243,249,190,190,224,240,243,251,139,151,,,,,182,186,188,194,251,259
SEIBEL 60,SEIBEL 60,Oliveira_2020,96,96,193,199,304,310,374,374,262,278,184,192,175,179,241,243,186,202,228,248,237,249,133,147,193,197,204,220,186,186,180,194,243,245
SEIBEL 159,,Oliveira_2020,96,104,187,189,296,316,354,366,,,178,188,173,179,237,249,192,202,234,246,237,251,133,151,193,197,200,228,182,186,180,200,245,251
SEIBEL 848,,Oliveira_2020,96,104,187,189,296,316,354,366,262,278,178,188,173,179,237,249,192,202,234,246,237,251,133,151,193,197,200,228,182,186,180,200,,
SEIBEL 1000,,Oliveira_2020,,,193,199,,,374,374,262,278,,,175,191,241,243,182,188,238,248,247,251,133,147,193,205,,,188,188,194,194,243,261
SEIBEL 1394 #,,Oliveira_2020,114,120,189,189,,,,,,,178,204,181,191,241,243,188,190,224,236,251,261,133,139,,,,,182,186,194,202,249,259
SEIBEL 2021,,Oliveira_2020,104,104,181,187,294,316,376,376,262,278,184,192,175,191,241,243,182,188,228,254,247,251,133,147,193,205,210,220,188,188,194,194,,
SEIBEL 4638,SEIBEL 4638,Oliveira_2020,96,96,181,189,296,298,376,376,262,270,178,204,175,191,237,255,190,208,224,228,249,251,137,149,191,223,210,210,186,190,194,204,,
SEIBEL 4643,SEIBEL 4643,Oliveira_2020,114,114,189,189,,,374,374,,,178,192,169,189,237,243,182,190,228,252,243,255,125,133,,,,,182,188,182,188,243,259
SEIBEL 4681,,Oliveira_2020,120,120,181,189,316,316,356,356,262,280,178,192,181,191,243,243,188,190,246,252,239,251,133,139,193,223,192,228,180,182,188,194,,
SEIBEL 5145,,Oliveira_2020,,,,,,,,,,,186,192,173,175,239,241,186,192,228,234,239,249,133,139,199,209,204,210,182,186,188,200,241,251
SEIBEL 5163,,Oliveira_2020,104,120,181,189,296,298,364,364,262,264,178,204,169,191,243,255,190,195,240,246,243,251,133,149,193,223,200,228,186,186,188,194,,
CABERNET FRANC #,,Oliveira_2020,104,104,181,189,296,296,376,376,256,276,192,204,169,175,239,249,190,192,228,238,239,247,139,151,199,205,204,204,182,184,194,194,259,259
CABERNET SAUVIGNON,CABERNET SAUVIGNON,Oliveira_2020,104,104,189,191,,,376,376,,,188,192,169,175,239,249,176,190,234,242,239,239,139,151,,,,,184,186,188,194,247,247
SYRAH,SYRAH,Oliveira_2020,104,104,191,193,296,304,354,376,262,272,186,188,173,173,241,241,190,192,228,234,239,239,133,133,197,205,200,202,182,186,188,194,245,251
PROSECCO,PROSECCO,Oliveira_2020,114,114,191,191,294,296,372,376,272,286,186,198,173,175,239,243,180,195,228,248,239,247,133,143,193,207,192,208,186,186,188,204,249,259
PINOTAGE,PINOTAGE,Oliveira_2020,104,120,181,193,304,304,374,376,256,278,192,204,169,175,249,249,180,186,228,240,239,247,133,151,195,203,200,200,186,186,194,204,239,255
MALVASIA BIANCA,MALVASIA BIANCA,Oliveira_2020,104,108,181,191,304,304,376,376,268,270,192,192,169,173,241,249,180,182,228,230,233,239,133,133,195,199,200,208,182,186,188,196,255,259
NEBBIOLO,NEBBIOLO,Oliveira_2020,104,104,189,189,296,304,350,372,256,284,190,200,169,175,239,241,186,190,234,238,247,249,155,155,195,211,192,202,182,186,194,200,243,251
SAUVIGNON BLANC,SAUVIGNON BLANC,Oliveira_2020,104,104,191,193,304,304,356,376,272,278,186,188,169,175,241,249,176,190,230,234,239,257,133,151,205,209,192,200,186,186,188,194,245,247
CARMÉNÈRE,,Oliveira_2020,104,120,189,189,,,,,,,192,204,,,239,255,176,190,228,240,239,263,139,147,,,,,184,186,188,204,247,247
CASTELÃO #,,Oliveira_2020,104,104,189,191,296,304,376,376,272,284,192,200,169,173,249,255,180,182,234,238,247,251,133,135,195,207,200,208,182,186,204,204,255,259
PEDRO XIMENES #,,Oliveira_2020,104,108,181,189,304,304,354,376,268,270,188,204,169,169,241,249,186,195,230,230,239,249,133,133,191,207,208,208,186,186,186,196,247,251
CORVINA VERONE,,Oliveira_2020,,,,,294,304,,,262,284,,,169,173,241,263,180,190,234,242,239,239,151,155,195,205,208,228,182,184,188,194,251,251
MOSCATEL DE ALEXANDRIA #,,Oliveira_2020,104,104,189,191,296,304,376,376,272,284,192,200,169,173,249,255,180,182,234,238,247,251,133,135,195,207,200,208,182,186,204,204,,
CLAIRETTE #,,Oliveira_2020,93,104,191,191,304,314,374,376,,,186,192,173,175,249,255,184,195,238,242,233,243,143,151,203,207,204,248,186,186,188,196,,
IAC 0822-21,,Oliveira_2020,108,108,181,181,296,306,376,376,264,284,186,188,173,173,249,265,182,182,230,234,233,235,139,149,193,209,200,200,182,186,192,196,247,251
TEMPRANILLO,TEMPRANILLO,Oliveira_2020,104,110,181,181,,,,,,,186,200,169,173,241,255,184,184,238,238,239,253,143,145,,,,,186,186,196,200,247,251
PALOMINO FINO,PALOMINO FINO,Oliveira_2020,104,106,181,181,294,304,354,376,270,284,190,204,173,173,241,241,186,195,230,242,239,249,133,145,203,205,192,192,184,186,188,194,251,257
ALFROCHEIRO,ALFROCHEIRO,Oliveira_2020,104,120,181,189,294,294,374,376,272,278,188,200,169,179,249,255,180,190,228,240,253,257,143,151,195,205,200,210,186,186,188,200,251,251
TOURIGA NACIONAL,TOURIGA NACIONAL,Oliveira_2020,104,120,189,191,296,304,,,256,270,188,200,169,173,249,255,182,190,228,238,239,239,143,151,199,199,196,210,186,186,188,194,245,245
BARBERA NERA,BARBERA NERA,Oliveira_2020,104,104,189,189,,,,,,,,,,,239,255,186,190,228,228,249,253,133,135,,,,,186,186,192,200,243,259
ZINFANDEL #,,Oliveira_2020,104,116,191,191,296,296,,,,,186,192,169,173,249,249,182,195,236,242,243,243,151,151,,,,,186,186,188,188,251,257
GAMAY NOIR,GAMAY NOIR,Oliveira_2020,110,110,189,191,294,304,376,376,256,278,192,204,173,175,239,239,182,190,236,240,239,249,133,137,191,195,200,210,188,188,194,204,243,245
MOSCATO ITÁLICO,,Oliveira_2020,114,114,181,189,304,316,354,376,262,284,,,173,173,241,255,180,182,,,239,243,139,143,199,199,210,210,182,186,188,188,,
PETIT VERDOT,,Oliveira_2020,104,104,181,189,304,304,350,376,262,272,204,204,169,173,249,249,182,190,228,234,249,263,151,155,195,209,204,204,186,186,200,204,251,259
PINOT GRIS,PINOT GRIS,Oliveira_2020,108,120,191,193,304,304,376,376,256,262,188,204,173,175,239,249,186,190,230,240,239,243,137,151,195,199,200,210,186,186,188,194,239,245
TINTA RORIZ,TINTA RORIZ,Oliveira_2020,104,110,181,181,296,296,354,364,276,284,186,200,169,173,241,255,184,184,238,238,239,253,143,145,193,195,200,200,186,186,196,200,247,251
TORRONTES RIOJANO,TORRONTES RIOJANO,Oliveira_2020,106,106,181,189,294,296,,,270,284,188,204,169,173,239,249,180,186,230,234,249,249,133,135,191,203,206,208,186,186,186,194,251,255
TREBBIANO,TREBBIANO,Oliveira_2020,96,104,181,181,296,304,374,376,256,284,198,204,169,175,241,255,180,184,228,234,249,253,133,143,199,205,192,210,182,186,194,200,245,251
TINTA CÃO,,Oliveira_2020,104,112,181,181,296,296,376,376,256,268,192,200,173,179,241,241,182,186,234,236,239,263,133,133,189,205,204,228,182,186,186,194,247,251
MOSCATEL DE HAMBURGO,MOSCATEL DE HAMBURGO,Oliveira_2020,96,108,191,191,298,304,376,376,260,284,188,192,169,169,249,255,180,186,234,240,247,249,135,149,195,203,208,228,182,186,186,192,239,255
IGAWA 0682,,Oliveira_2020,96,96,189,191,298,298,344,376,280,284,188,202,169,173,241,249,176,184,234,240,235,249,123,125,191,201,186,186,182,186,186,202,,
LUEBECK #,,Oliveira_2020,108,108,181,189,296,304,356,374,262,272,190,192,169,169,249,271,182,184,228,236,239,243,139,151,191,195,204,204,184,186,188,188,243,259
IGAWA 1010,,Oliveira_2020,96,110,189,191,298,304,344,354,276,284,186,202,169,181,249,255,186,186,238,240,239,249,135,149,189,191,186,196,182,186,186,188,,
IAC 1848-04,,Oliveira_2020,96,116,189,191,298,312,372,376,258,284,184,184,179,187,249,255,182,186,240,250,235,237,133,149,195,203,218,218,186,186,174,182,,
B 40-208 #,,Oliveira_2020,104,106,181,189,296,298,360,366,256,264,192,208,189,191,237,241,208,208,266,270,249,257,137,145,205,215,222,222,180,186,190,196,255,263
FIESTA,FIESTA,Oliveira_2020,106,116,189,191,,,,,,,190,200,175,175,249,249,182,195,238,242,249,253,151,151,195,199,,,182,186,186,188,251,259
MOSCATEL ROSADO,MOSCATEL ROSADO,Oliveira_2020,104,108,181,191,296,306,374,376,284,284,188,188,169,173,241,249,180,182,230,230,239,249,145,149,201,203,204,210,182,182,188,204,247,255
SATURNO,,Oliveira_2020,96,116,181,189,298,300,374,374,284,284,186,200,169,175,241,249,180,186,240,240,239,247,133,151,195,211,204,228,186,186,196,204,251,265
ESPARTE,ESPARTE,Oliveira_2020,104,120,181,191,304,304,356,356,270,278,192,192,173,175,241,263,180,190,228,242,249,249,133,151,195,207,192,204,184,186,188,204,251,261
TOPAZ,,Oliveira_2020,108,114,193,193,292,300,366,366,282,282,186,192,169,169,255,255,180,186,238,240,247,249,135,135,195,203,210,210,186,186,186,204,,
MOSCATEL AZUL,MOSCATEL AZUL,Oliveira_2020,120,120,181,191,296,304,376,376,268,280,192,204,169,191,249,255,180,190,228,240,237,249,143,149,191,193,192,192,182,186,180,186,255,261
IAC 0842-04 EUGENIO,,Oliveira_2020,114,120,181,189,,,,,,,188,200,169,181,249,255,180,180,234,238,247,251,133,135,,,,,182,186,192,194,255,255
IAC 1490-02,,Oliveira_2020,96,106,189,189,304,308,376,376,280,284,174,184,173,177,245,249,180,186,238,240,237,249,141,151,193,193,210,228,186,186,180,186,,
IAC 1848-11,,Oliveira_2020,96,116,189,191,298,312,372,376,258,284,184,184,179,187,249,255,182,186,240,250,235,237,133,149,195,203,218,218,186,186,174,182,249,249
IAC 1897-16,,Oliveira_2020,104,104,191,191,304,312,376,376,276,280,174,188,169,177,255,257,186,190,238,240,237,243,133,143,201,201,208,208,182,186,180,188,249,255
SEIBEL 11342 #,,Oliveira_2020,114,120,181,189,296,316,376,376,,,192,204,173,191,241,243,182,202,224,236,243,251,133,139,201,201,,,182,186,188,194,243,249
SEIBEL 5915,,Oliveira_2020,104,106,187,189,298,304,344,344,262,278,192,202,169,191,255,255,186,186,234,234,249,255,125,135,189,189,186,204,186,186,182,186,,
SEIBEL 5520,,Oliveira_2020,106,106,189,189,298,316,374,376,262,278,192,202,189,191,241,241,202,206,248,254,243,251,125,133,193,197,192,210,186,190,188,194,,
SEIBEL 6086 #,,Oliveira_2020,96,96,189,199,296,310,354,354,262,262,184,188,173,191,237,241,192,202,234,254,239,251,133,133,193,199,200,220,186,190,194,194,,
SEIBEL 6468,,Oliveira_2020,110,110,181,189,296,298,376,376,268,276,204,204,191,191,241,255,182,195,234,240,239,251,133,135,195,205,192,198,186,186,194,194,,
SEIBEL 7502,,Oliveira_2020,106,120,187,189,296,310,376,376,262,278,186,192,179,191,241,255,180,182,238,254,237,237,133,145,191,193,210,210,182,186,180,180,,
SEIBEL 8712,,Oliveira_2020,114,120,189,189,296,298,374,374,262,270,188,192,181,191,241,243,182,195,246,266,249,261,133,149,191,209,192,192,182,186,194,202,243,251
SEIBEL 8724,,Oliveira_2020,114,120,189,189,296,316,374,374,262,280,192,204,181,191,241,255,188,190,224,266,243,251,133,149,201,223,,,180,182,188,194,249,259
SEIBEL 8745,,Oliveira_2020,114,114,189,189,,,,,,,188,188,173,191,,,182,190,246,266,243,249,133,139,191,209,,,182,186,188,194,243,259
SEIBEL 8748,,Oliveira_2020,106,120,181,189,298,304,374,376,262,270,192,204,181,191,243,243,188,195,224,236,251,261,137,139,201,209,192,204,182,186,194,202,,
SEIBEL 10878,SEIBEL 10878,Oliveira_2020,114,114,181,189,296,304,364,364,264,280,178,188,169,181,243,243,188,195,236,240,251,261,133,137,201,223,192,200,182,186,194,202,243,249
PORTUGAL #,,Oliveira_2020,98,120,189,193,304,304,344,376,256,270,188,200,175,179,241,249,180,184,240,240,235,249,123,151,191,195,200,210,182,186,202,204,,
SEIBEL 13693,,Oliveira_2020,110,110,181,189,296,296,374,374,268,278,192,204,169,191,241,255,182,186,234,246,243,251,133,135,191,205,192,192,186,186,188,194,,
BRS LINDA,,Oliveira_2020,110,114,189,189,296,298,374,376,284,284,188,192,169,173,249,255,195,195,238,240,239,249,135,151,201,205,228,228,186,186,188,204,,
MOSCATEL NAZARENO,MOSCATEL NAZARENO,Oliveira_2020,108,108,181,191,304,314,374,374,,,,,169,169,241,249,180,198,238,240,243,247,145,149,195,203,200,208,182,186,186,188,,
IAC 0031-01,,Oliveira_2020,96,120,189,191,,,374,374,264,284,188,188,169,169,249,255,180,180,,,243,247,149,149,195,195,,,182,186,188,192,,
PERLA DE CSABA,PERLA DE CSABA,Oliveira_2020,104,108,189,191,304,308,376,376,264,284,192,192,169,175,241,241,180,182,238,238,247,249,133,155,195,209,210,228,186,186,186,204,255,259
BLACK PRINCE,BLACK PRINCE,Oliveira_2020,106,106,181,191,294,296,354,374,284,284,188,204,169,173,241,249,190,195,230,234,249,249,133,133,191,203,210,210,182,186,186,194,243,247
MOSCATEL DE OEIRAS,MOSCATEL DE OEIRAS,Oliveira_2020,110,110,181,191,294,296,364,374,284,284,200,204,169,169,249,255,186,195,230,240,249,253,133,143,191,207,200,210,186,186,186,188,,
IAC 0074-02,,Oliveira_2020,104,104,189,191,304,304,374,374,262,286,186,192,169,173,241,249,186,190,228,230,239,239,133,143,197,201,200,204,184,186,188,188,239,245
IAC 0141-51,,Oliveira_2020,96,120,189,191,294,304,376,376,264,272,192,204,169,173,249,255,176,195,224,240,239,239,133,149,201,207,210,210,182,186,188,196,247,251
BRASIL,,Oliveira_2020,108,110,181,191,298,314,374,374,268,284,192,192,169,169,239,249,180,195,234,240,243,247,133,149,195,203,200,208,186,186,192,204,255,257
IAC 0233,,Oliveira_2020,100,114,187,191,296,314,374,376,264,270,192,192,169,191,241,249,186,190,228,240,237,249,145,149,191,195,200,210,182,186,180,204,255,261
SEIBEL 5593,,Oliveira_2020,104,120,181,189,296,298,364,364,262,264,178,204,169,191,243,255,190,195,240,246,243,251,133,149,193,223,200,228,186,186,188,194,243,259
IAC 1319,,Oliveira_2020,116,116,189,191,300,304,354,374,270,272,192,194,175,191,241,249,180,202,224,234,251,251,133,151,199,199,208,208,186,186,188,194,,
NIAGARA ROSADA,NIAGARA ROSADA,Oliveira_2020,114,114,189,189,304,304,376,376,270,280,186,200,169,179,241,241,180,186,238,238,235,241,123,133,191,201,200,210,182,186,202,204,237,259
NIAGARA BRANCA,NIAGARA BRANCA,Oliveira_2020,114,114,189,189,304,304,376,376,270,280,186,200,169,179,241,241,180,186,238,238,235,241,123,133,191,201,200,210,182,186,202,204,237,259
NIAGARA RAJADA,,Oliveira_2020,114,114,189,189,304,304,376,376,270,280,186,200,169,179,241,241,180,186,238,238,235,241,123,133,191,201,200,210,182,186,202,204,237,259
NIAGARA S/SEMENTES (ROSINHA),,Oliveira_2020,114,114,189,189,304,304,376,376,270,280,186,200,169,179,241,241,180,186,238,238,235,241,123,133,191,201,200,210,182,186,202,204,237,259
NIAGARA ROSADA GIGANTE 4N,,Oliveira_2020,114,114,189,189,304,304,376,376,270,280,186,200,169,179,241,241,180,186,238,238,235,241,123,133,191,201,200,210,182,186,202,204,,
NIAGARA STECK,,Oliveira_2020,114,114,189,189,304,304,376,376,270,280,186,200,169,179,241,241,180,186,238,238,235,241,123,133,191,201,200,210,182,186,202,204,237,259
NIAGARA ROSADA ESCURA,,Oliveira_2020,114,114,189,189,304,304,376,376,270,280,186,200,169,179,241,241,180,186,238,238,235,241,123,133,191,201,200,210,182,186,202,204,237,259
NIAGARA ROSADA VARIEGADA,,Oliveira_2020,114,114,189,189,304,304,376,376,270,280,186,200,169,179,241,241,180,186,238,238,235,241,123,133,191,201,200,210,182,186,202,204,237,259
NIAGARA BRANCA OVAL,,Oliveira_2020,114,114,189,189,304,304,376,376,270,280,186,200,169,179,241,241,180,186,238,238,235,241,123,133,191,201,200,210,182,186,202,204,237,259
NIAGARA MARAVILHA,,Oliveira_2020,114,114,189,189,304,304,376,376,270,280,186,200,169,179,241,241,180,186,238,238,235,241,123,133,191,201,200,210,182,186,202,204,237,259
NIAGARA BRANCA GIGANTE 4N,,Oliveira_2020,114,114,189,189,304,304,376,376,270,280,186,200,169,179,241,241,180,186,238,238,235,241,123,133,191,201,200,210,182,186,202,204,,
IAC 0274-21,,Oliveira_2020,114,114,189,191,304,316,374,374,270,270,188,204,169,173,241,255,180,182,224,240,243,251,133,133,195,195,208,208,186,186,188,194,243,255
IONA #,,Oliveira_2020,98,120,189,193,304,304,344,376,256,270,188,200,175,179,241,249,180,184,240,240,235,249,123,151,191,195,200,210,182,186,202,204,237,247
DUTCHESS,DUTCHESS,Oliveira_2020,114,114,189,191,296,296,344,376,256,270,182,198,173,181,239,241,186,195,230,230,239,243,133,133,193,215,204,210,182,186,188,202,,
MARTE,,Oliveira_2020,104,104,189,189,296,296,376,376,270,286,188,200,169,181,243,249,184,186,238,246,235,249,125,151,195,201,204,210,182,182,186,202,247,247
LUCILE,LUCILE,Oliveira_2020,104,114,189,189,294,296,344,376,270,278,188,202,181,193,243,243,186,190,234,238,235,241,125,125,195,201,186,210,182,186,202,206,259,259
DONA ZILÁ,,Oliveira_2020,112,114,189,191,298,298,346,376,270,284,184,200,169,169,241,241,180,188,,,235,247,125,133,191,207,202,210,182,186,194,202,237,247
MOSCATEL ROSADA PORTUGUESA #,,Oliveira_2020,96,114,189,191,304,304,344,374,270,284,192,196,169,181,241,255,186,188,234,240,235,247,125,135,195,195,186,204,182,182,192,206,239,247
BARRILETA,,Oliveira_2020,96,120,189,191,298,304,374,374,,,186,188,169,173,237,249,180,186,234,254,243,247,149,155,203,203,192,208,182,186,188,192,245,255
TARDIA DE CAXIAS,,Oliveira_2020,112,114,189,191,298,298,346,376,270,284,184,200,169,169,241,241,180,188,238,240,235,247,125,133,191,207,202,210,182,186,194,202,237,247
CENTENNIAL SEEDLESS,CENTENNIAL SEEDLESS,Oliveira_2020,104,110,189,189,296,314,374,374,284,284,192,204,169,169,239,255,180,195,238,240,239,239,135,135,201,203,208,208,186,186,188,188,247,255
ANANAS#,,Oliveira_2020,112,114,189,191,298,298,344,374,270,284,192,196,169,193,255,255,186,188,238,238,235,247,135,135,207,207,186,204,182,186,192,202,239,249
CARMAN,CARMAN,Oliveira_2020,98,114,189,191,316,316,358,376,262,280,186,198,181,185,241,253,186,186,230,246,241,241,125,133,193,199,210,214,182,182,182,202,245,247
HARTFORD,HARTFORD,Oliveira_2020,114,114,189,189,304,304,344,376,256,270,188,200,175,181,241,241,180,186,240,240,235,249,123,125,191,191,186,210,182,182,202,204,237,265
FOLHA DE FIGO #,,Oliveira_2020,112,120,189,189,310,310,344,344,256,278,200,200,175,179,241,241,184,186,238,238,235,249,123,135,195,195,200,200,182,186,202,204,,
IAC 0512-11,,Oliveira_2020,116,120,189,191,294,298,374,376,262,284,194,204,173,175,249,249,180,195,224,236,239,243,133,149,203,207,208,210,186,186,196,204,251,255
DIAMOND,DIAMOND,Oliveira_2020,96,120,189,191,296,296,344,344,280,286,188,202,169,179,241,241,186,186,240,240,235,235,125,133,201,209,186,200,182,182,202,202,247,259
LOMANTO #,,Oliveira_2020,104,114,181,189,304,304,344,376,270,270,188,196,169,193,241,241,188,190,230,234,235,247,125,133,195,197,186,200,182,186,202,204,,
MOSCATEL SUIÇA #,,Oliveira_2020,120,120,181,191,296,304,376,376,268,280,192,204,169,191,249,255,180,190,228,240,237,249,143,149,191,193,192,192,182,186,180,186,255,261
EINSET SEEDLESS,EINSET SEEDLESS,Oliveira_2020,96,96,189,189,306,306,344,372,280,284,192,200,173,181,243,249,186,195,236,238,235,239,125,151,195,205,186,192,182,186,188,202,257,259
FOGARINA #,,Oliveira_2020,106,106,189,189,296,296,360,368,,,184,200,173,173,255,257,180,190,230,246,237,239,139,143,191,197,200,212,182,182,186,198,249,249
SULTANINA,SULTANINA,Oliveira_2020,114,116,189,191,300,314,372,372,284,284,192,194,175,175,239,249,182,195,236,236,239,253,145,151,195,199,192,218,186,186,188,188,247,259
HIGHLAND,HIGHLAND,Oliveira_2020,112,114,189,191,294,294,376,376,270,280,186,200,169,173,241,241,186,190,228,238,233,241,125,133,201,211,208,210,182,186,196,202,,
LAKEMONT SEEDLESS,LAKEMONT SEEDLESS,Oliveira_2020,98,114,189,189,304,314,372,376,270,284,194,200,169,175,239,249,182,186,236,240,235,253,123,151,195,199,192,204,182,186,188,202,247,247
HIDALGO,HIDALGO,Oliveira_2020,98,114,189,191,316,316,358,376,262,280,186,198,181,185,241,253,186,186,230,246,241,241,125,133,193,199,210,214,182,182,182,202,245,247
FAVORITA,,Oliveira_2020,108,112,181,189,298,304,376,376,270,284,186,192,169,173,255,255,180,186,238,240,247,249,135,143,189,195,200,210,186,186,186,194,239,251
ARIZUL L,,Oliveira_2020,96,116,191,191,,,,,,,192,192,169,175,249,255,182,182,236,236,239,253,143,151,,,,,186,186,188,188,247,247
FERN MUNSON,FERN MUNSON,Oliveira_2020,96,112,189,191,298,298,346,376,274,284,184,192,169,181,241,241,186,188,240,240,235,247,125,155,195,207,202,228,182,182,194,202,,
IAC 0775-26 AURORA,,Oliveira_2020,98,114,189,191,300,304,372,376,278,284,192,200,175,179,241,249,180,195,236,236,235,239,123,151,191,195,192,200,182,186,188,204,237,259
J 7604-15,,Oliveira_2020,108,108,189,189,294,304,376,376,278,284,188,200,169,179,241,249,180,186,234,238,235,235,123,133,191,209,200,228,182,186,204,204,247,259
J 7602-44,,Oliveira_2020,108,114,189,189,304,304,374,376,278,284,186,188,169,169,241,255,186,200,238,238,235,247,123,133,201,211,200,200,182,182,192,204,243,259
J 7602-66,,Oliveira_2020,98,116,189,189,294,304,374,376,278,284,188,200,175,179,241,255,180,180,238,238,235,235,123,133,191,211,200,228,182,186,204,204,,
CHRISTMAS ROSE,CHRISTMAS ROSE,Oliveira_2020,110,110,189,189,294,294,372,376,284,284,188,204,173,173,239,249,182,195,238,238,239,249,133,151,189,195,192,204,182,186,188,204,,
MOSCATEL ARGENTINA #,,Oliveira_2020,104,106,181,189,302,306,374,374,270,284,188,192,169,173,241,249,182,186,234,248,239,247,139,143,195,199,200,210,186,186,186,188,251,259
JACQUEZ,JACQUEZ,Oliveira_2020,106,106,189,189,,,360,368,,,184,200,173,173,255,257,180,190,230,246,237,239,139,143,191,197,,,182,182,186,198,249,249
J 7601-96,,Oliveira_2020,114,114,181,189,304,314,376,376,,,200,200,169,179,241,255,180,180,238,238,241,247,133,135,191,197,200,210,186,186,192,202,237,247
IAC 0871-41 ROSA LINDA #,,Oliveira_2020,98,116,189,189,300,304,344,372,280,284,192,200,175,175,249,249,186,195,236,240,239,247,125,151,199,199,186,218,182,186,188,204,259,265
IAC 0016-02,,Oliveira_2020,108,120,189,191,296,298,374,374,270,284,188,192,169,191,241,255,180,182,224,234,249,251,133,135,195,201,208,228,182,186,186,194,,
IAC 0023-08,,Oliveira_2020,108,120,181,191,298,316,374,374,262,284,188,204,169,191,243,249,180,202,224,234,249,251,139,149,195,195,208,208,182,182,186,194,,
LÍBANO #,,Oliveira_2020,98,120,189,193,304,304,344,376,,,188,200,175,179,241,249,180,184,240,240,235,249,123,151,191,195,200,210,182,186,202,204,237,247
FLAME SEEDLESS,FLAME SEEDLESS,Oliveira_2020,104,114,189,189,304,314,372,376,284,284,192,200,175,175,241,249,182,186,236,238,239,253,133,151,199,205,210,218,186,186,188,188,247,251
IAC 0137-04,,Oliveira_2020,96,114,181,189,294,316,376,376,270,270,192,204,169,173,241,241,182,186,224,238,239,243,133,133,201,207,204,210,184,186,188,194,243,251
IAC 0158-12,,Oliveira_2020,96,96,191,191,,,,,,,184,188,169,177,241,255,180,180,240,246,237,249,133,135,,,,,186,186,180,192,249,255
SR 501-33,SR 501-33,Oliveira_2020,104,120,189,191,304,304,376,376,262,270,186,204,173,181,241,241,190,192,224,228,239,261,133,133,197,209,192,202,182,182,188,202,249,251
IAC 0192-54,,Oliveira_2020,108,114,189,191,296,298,374,374,270,284,192,192,169,181,241,249,180,195,234,266,249,261,133,149,195,209,192,208,182,186,186,202,251,255
IZABEL SPORT,,Oliveira_2020,98,120,189,193,304,304,344,376,256,270,188,200,175,179,241,249,180,184,240,240,235,249,123,151,191,195,200,210,182,186,202,204,237,247
FESTIVAL,FESTIVAL,Oliveira_2020,110,112,189,189,294,314,372,374,,,192,200,169,175,239,241,180,195,228,240,239,251,133,135,201,203,204,218,186,186,188,188,,
IAC 0202-28,,Oliveira_2020,108,120,191,191,294,298,374,374,262,284,188,192,169,173,255,255,180,190,224,234,243,249,135,149,201,203,192,208,186,186,186,188,,
IAC 0202-43,,Oliveira_2020,108,120,191,191,304,304,376,376,262,284,188,188,169,173,239,255,180,190,224,240,243,249,133,135,203,219,210,228,182,186,186,188,255,259
IAC 0274-16,,Oliveira_2020,114,114,189,191,304,316,374,376,272,272,188,204,169,173,241,255,180,182,224,240,243,251,,,195,195,204,208,186,186,188,194,,
IAC 0282,,Oliveira_2020,114,114,189,189,,,,,,,186,186,169,173,255,255,186,195,238,242,233,243,,,,,,,182,186,188,196,257,259
IAC 0387,,Oliveira_2020,96,108,191,191,298,304,376,376,262,284,192,204,169,169,249,249,180,195,234,240,239,243,133,149,201,203,200,210,186,186,188,204,251,255
SR 507-08,,Oliveira_2020,104,120,181,189,304,304,374,376,262,278,188,204,169,181,243,249,188,190,224,234,239,261,139,151,205,209,200,228,184,186,194,202,,
IAC 0338-04,,Oliveira_2020,108,108,181,189,,,,,,,,,173,173,249,249,192,195,,,233,235,133,143,,,,,186,188,196,204,247,251
IAC 0339-03,,Oliveira_2020,108,108,189,191,298,298,362,374,262,284,190,192,169,173,249,257,180,200,240,242,233,249,143,149,199,203,200,228,186,188,186,192,,
IAC 0341-02,,Oliveira_2020,104,104,181,189,296,298,362,374,262,284,188,192,173,173,241,267,182,200,230,242,233,249,143,145,199,203,200,210,182,188,192,204,243,247
BLACK CORINTO,,Oliveira_2020,104,112,181,191,296,306,376,376,266,286,188,190,169,173,239,249,180,186,238,242,243,249,137,143,205,205,210,218,186,186,188,200,247,251
IAC 0351-05,,Oliveira_2020,114,114,189,191,294,296,376,376,270,284,192,204,173,191,249,255,180,182,224,236,239,251,143,149,191,195,204,228,182,186,188,194,237,255
IAC 0353-03,,Oliveira_2020,96,108,189,191,296,306,344,376,270,284,188,192,169,173,241,249,182,186,240,240,239,251,,,195,195,228,228,186,186,188,194,,
VÊNUS,,Oliveira_2020,114,120,181,189,304,304,376,376,284,284,200,200,169,169,255,255,186,186,240,240,235,235,125,135,199,201,204,228,182,186,202,206,265,265
IAC JULIANA,,Oliveira_2020,110,114,181,189,298,304,354,374,262,284,192,192,169,173,241,249,180,180,230,240,239,247,139,149,199,203,208,210,182,186,188,192,243,255
IAC 0388 SANTA TEREZA,,Oliveira_2020,110,120,189,191,298,304,374,374,262,268,188,192,169,169,249,255,180,195,234,240,243,243,149,149,203,219,200,208,186,186,188,204,255,257
IAC 0393-04,,Oliveira_2020,108,112,191,191,298,298,368,374,,,,,169,187,249,275,180,186,228,234,235,247,135,149,193,195,208,226,186,186,174,192,249,255
IAC 0393-05,,Oliveira_2020,96,106,189,191,298,304,368,376,260,284,190,192,169,187,255,255,176,195,234,250,235,247,135,135,193,203,228,228,182,186,174,192,241,245
SEIBEL 7144,,Oliveira_2020,104,104,191,191,304,312,376,376,276,280,174,188,169,177,255,257,186,190,238,240,237,243,133,143,201,201,208,220,182,186,180,188,249,255
IAC 0403-01,,Oliveira_2020,106,116,191,191,298,314,368,372,,,190,194,175,179,239,275,182,184,236,250,237,253,135,151,193,195,192,220,182,186,182,188,,
IAC 0405-06,,Oliveira_2020,96,108,181,189,298,306,362,376,262,284,188,190,169,173,249,257,182,192,230,242,233,239,143,149,201,209,200,204,182,188,188,192,247,247
IAC 0408-01,,Oliveira_2020,104,104,189,189,294,296,362,376,,,188,190,173,173,249,267,180,192,234,242,235,251,143,151,207,209,,,186,188,204,204,247,255
IAC 0457-11  IRACEMA,,Oliveira_2020,98,114,189,191,300,304,372,376,278,284,192,200,175,179,241,249,180,195,236,236,235,239,123,151,191,195,192,200,182,186,188,204,237,259
NIABELL,,Oliveira_2020,114,114,189,189,298,304,,,,,186,200,169,181,241,241,180,186,238,238,235,241,123,133,,,,,182,186,,,237,247
H 4.49.69,,Oliveira_2020,104,114,181,191,296,296,360,376,284,284,188,192,173,175,241,249,184,195,230,242,239,239,145,151,203,203,196,208,182,186,188,188,247,259
IAC 0501-06 SORAYA,,Oliveira_2020,108,114,181,191,294,314,376,376,270,270,192,200,169,169,255,255,180,195,238,240,241,247,133,135,197,211,210,228,182,186,192,202,247,255
ATHENS,ATHENS,Oliveira_2020,114,114,189,189,,,,,,,186,200,175,181,,,186,186,238,292,235,247,123,141,,,,,182,182,194,202,259,259
IAC 0506-33 ISAURA,,Oliveira_2020,108,120,189,191,298,304,376,376,284,284,192,192,169,175,241,255,180,182,224,238,249,249,135,155,201,203,210,210,186,186,186,186,255,259
IAC 0514-06 MARIA,,Oliveira_2020,104,108,189,189,304,304,376,376,284,284,178,200,173,175,249,255,180,190,228,230,239,249,125,143,201,201,202,210,184,186,188,204,,
IAC 0544-14,,Oliveira_2020,108,116,189,191,300,304,374,376,262,284,188,200,173,175,249,257,180,200,234,236,235,253,143,151,199,209,218,248,182,188,188,204,243,255
IAC 0547-02,,Oliveira_2020,108,116,189,191,300,304,374,376,262,284,188,200,173,175,249,257,180,200,234,236,235,253,143,151,199,209,218,248,182,188,188,204,243,255
RHAZAKI ROSA,RHAZAKI ROSA,Oliveira_2020,104,106,181,189,302,306,374,374,270,284,188,192,169,173,241,249,182,186,234,248,239,247,139,143,195,199,200,210,186,186,186,188,251,259
IAC 0574-01,,Oliveira_2020,,,189,191,296,304,374,374,262,284,186,192,173,173,249,267,192,192,228,242,233,249,125,143,195,201,204,208,182,186,192,204,,
SR 507.38,,Oliveira_2020,104,114,189,189,294,304,374,376,270,270,192,204,169,181,241,249,186,190,236,240,239,261,133,139,201,207,,,182,182,188,202,251,259
RUBY SEEDLESS,RUBY SEEDLESS,Oliveira_2020,104,104,189,191,294,296,376,376,284,284,188,204,173,173,239,249,195,195,230,238,239,249,133,151,203,205,204,208,182,186,188,204,257,259
IAC 0588-12 #,,Oliveira_2020,104,104,181,191,296,304,376,376,276,278,192,200,175,177,249,255,176,182,228,234,239,239,143,151,193,205,200,204,186,186,188,194,247,259
IAC 0589-02,,Oliveira_2020,96,112,189,191,294,310,368,376,270,270,192,192,169,187,241,265,184,186,228,240,235,239,133,147,193,207,210,210,184,186,174,188,245,251
IAC 0592-01,,Oliveira_2020,104,104,181,213,296,308,376,388,256,276,192,196,175,199,255,255,176,186,234,234,235,239,143,145,193,203,204,230,182,186,174,194,,
IAC 0594-03,,Oliveira_2020,104,104,181,213,296,308,,,,,192,196,175,199,255,255,176,186,234,234,235,239,143,145,193,203,,,182,186,174,194,247,249
ITALIANA #,,Oliveira_2020,114,114,189,189,304,304,376,376,270,280,186,200,169,179,241,241,180,186,238,238,235,241,123,133,191,201,200,210,182,186,202,204,237,259
IAC 0670-01,,Oliveira_2020,96,96,191,191,300,302,362,362,262,262,192,192,169,173,249,255,186,192,238,240,231,235,143,149,197,209,200,200,182,186,186,196,,
IAC 0671-01,,Oliveira_2020,108,112,189,191,296,296,368,372,270,284,188,200,175,179,249,249,180,182,228,236,253,253,149,149,201,207,200,208,186,186,188,200,255,259
IAC 0699-01,,Oliveira_2020,112,112,181,191,296,304,376,376,260,278,188,200,173,179,255,265,180,182,228,242,237,249,143,147,199,207,202,208,182,186,182,204,247,249
IAC 0746-03,,Oliveira_2020,110,116,189,193,298,300,374,374,258,284,186,192,169,191,249,265,180,182,234,236,243,251,139,151,199,199,208,208,186,186,194,204,251,255
IAC 0720-01,,Oliveira_2020,104,104,189,193,,,,,,,192,192,169,177,247,255,182,186,228,246,239,247,133,143,193,193,,,186,186,188,204,251,251
IAC 0740-01,,Oliveira_2020,110,116,189,193,298,300,374,374,258,284,186,192,169,191,249,265,180,182,234,236,243,251,139,151,199,199,208,208,186,186,194,204,251,255
IAC 0746-03,,Oliveira_2020,110,116,189,193,298,300,374,374,258,284,186,192,169,191,249,265,180,182,234,236,243,251,139,151,199,199,208,208,186,186,194,204,251,255
IAC 0762-08,,Oliveira_2020,106,108,189,189,294,298,368,374,,,188,190,173,187,249,265,186,192,230,240,235,243,149,149,199,213,204,220,186,186,174,188,,
IAC 0768-02,,Oliveira_2020,98,114,189,189,304,306,360,376,258,284,186,192,173,179,249,265,180,182,246,246,235,235,139,151,191,193,200,200,186,186,196,204,239,251
IAC 0772-41,,Oliveira_2020,108,116,189,189,296,298,372,376,,,200,200,169,173,241,249,182,186,234,236,253,253,133,149,193,201,,,186,186,188,200,249,259
IAC 0778-04,,Oliveira_2020,108,112,191,191,304,304,376,376,270,284,200,200,169,173,241,249,180,180,234,238,235,241,151,151,191,209,218,228,182,182,202,204,,
IAC 0804-13,,Oliveira_2020,110,110,181,189,296,302,376,376,262,262,188,192,177,185,245,255,182,192,234,234,231,239,133,143,193,199,200,200,186,186,188,204,247,259
IAC 0813-01,,Oliveira_2020,104,112,189,189,310,310,376,376,260,278,186,188,173,173,249,265,180,184,,,237,239,149,149,197,213,202,208,186,188,182,188,245,245
IAC 0211-2,,Oliveira_2020,114,114,189,189,,,,,,,186,200,169,173,241,247,180,180,234,234,235,251,123,151,,,,,,,188,204,237,255
ALWOOD,ALWOOD,Oliveira_2020,104,104,189,189,304,304,344,376,270,284,200,200,175,181,243,243,184,186,238,292,235,235,125,141,195,201,186,210,182,182,202,202,247,259
IAC 0860-05,,Oliveira_2020,108,112,,,296,298,368,372,,,,,169,173,241,249,,,228,234,237,249,133,149,203,207,200,226,186,186,182,186,,
IAC 0861-03,,Oliveira_2020,108,110,189,189,296,308,368,376,262,284,188,192,169,179,241,265,182,182,234,246,237,247,,,193,213,208,220,186,186,182,204,,
IAC 0862-10,,Oliveira_2020,108,108,189,189,300,310,360,368,262,278,184,194,175,179,249,249,184,184,234,236,233,237,149,151,191,213,200,248,182,186,182,186,,
SR 5010-21,SR 5010-21,Oliveira_2020,120,120,189,189,298,298,374,374,262,284,192,204,169,181,243,249,186,188,224,230,249,261,125,139,205,209,192,192,186,186,202,204,241,249
IAC 0871-05 GENI,,Oliveira_2020,108,114,191,191,304,314,374,376,270,284,188,200,169,173,255,257,180,195,236,238,247,253,135,143,197,209,210,218,186,188,188,192,243,255
IAC 0871-13 A DONA,,Oliveira_2020,108,114,191,191,304,314,374,376,270,284,188,200,169,173,255,257,180,195,236,238,247,253,135,143,197,209,210,218,186,188,188,192,243,255
IAC 0871-18,,Oliveira_2020,114,116,191,191,300,314,374,376,270,284,188,192,169,175,255,257,180,195,236,240,235,241,135,143,199,211,228,248,186,188,202,204,,
IAC 0871-41 PATRÍCIA,,Oliveira_2020,108,116,181,189,294,304,374,374,270,284,188,192,169,175,249,255,180,200,234,238,235,247,133,151,209,211,228,248,182,182,192,204,243,247
IAC 0877-02,,Oliveira_2020,108,110,189,191,308,308,376,392,258,284,192,200,173,175,241,255,180,182,230,238,247,249,133,143,193,201,202,202,184,186,204,204,251,255
IAC 0882-11,,Oliveira_2020,96,96,189,191,296,296,362,362,262,262,182,192,173,191,241,255,180,192,224,238,249,251,133,157,191,199,204,204,186,188,186,194,,
IAC 0901-01,,Oliveira_2020,108,114,189,189,296,304,360,376,268,278,200,200,169,175,241,267,195,200,242,242,233,239,123,143,191,205,200,248,182,188,186,188,,
IAC 0903-15,,Oliveira_2020,112,112,189,191,,,,,,,188,192,179,179,249,249,186,195,228,228,235,237,149,151,193,195,,,,,182,204,249,259
IAC 0903-47,,Oliveira_2020,108,108,189,191,296,300,368,376,278,278,188,200,173,175,241,277,180,180,234,234,235,253,135,151,193,195,200,226,182,186,200,204,237,255
IAC 0904-11,,Oliveira_2020,108,116,191,191,,,,,,,188,200,175,179,241,249,180,182,234,236,237,253,133,135,,,,,186,186,182,188,255,259
IAC 0904-30,,Oliveira_2020,112,116,189,191,,,374,376,278,284,184,188,173,173,257,265,180,182,234,236,235,253,143,143,199,207,208,218,182,186,200,204,247,255
IAC 0904-41,,Oliveira_2020,106,112,191,191,,,,,,,188,192,169,179,249,257,180,192,,,235,239,,,,,,,182,188,188,204,237,247
IAC 0904-47,,Oliveira_2020,108,112,191,191,298,298,376,376,270,284,188,200,173,175,241,277,180,180,228,234,249,253,133,135,193,201,200,208,186,186,188,200,255,255
IAC 0905-01,,Oliveira_2020,108,108,189,189,296,296,372,376,278,284,188,194,173,175,249,277,180,180,228,242,235,253,135,151,205,207,208,218,182,186,200,204,255,255
IAC 0911-02,,Oliveira_2020,96,110,189,191,298,308,374,376,258,268,192,194,173,173,241,249,180,182,236,246,235,239,133,149,199,209,208,210,182,186,188,196,251,255
IAC 0915-02,,Oliveira_2020,108,108,189,191,298,304,374,376,262,284,192,200,169,175,249,257,195,200,230,236,233,239,143,151,195,203,200,228,182,188,188,192,255,259
IAC 0918-52,,Oliveira_2020,108,108,189,191,298,304,374,376,262,284,192,200,169,175,249,257,195,200,230,236,233,239,143,151,195,203,200,228,182,188,188,192,255,259
BRS MORENA,,Oliveira_2020,110,114,189,189,296,296,376,376,284,284,188,192,169,169,239,255,180,180,238,240,239,249,135,135,201,205,204,208,182,186,188,196,,
IAC 0960-11,,Oliveira_2020,104,110,189,191,296,304,354,376,262,270,200,204,169,169,241,249,176,202,228,234,233,251,139,151,199,205,200,204,186,188,192,194,,
IAC 0966-01,,Oliveira_2020,108,120,189,193,298,304,376,376,262,262,188,204,175,191,243,249,186,188,224,230,243,251,139,151,195,209,192,200,186,186,188,194,239,249
IAC 0994-07,,Oliveira_2020,104,106,189,189,296,298,374,376,262,278,190,204,169,191,249,265,176,190,236,240,239,251,151,151,199,213,210,210,182,186,,,,
IAC 1025-17,,Oliveira_2020,110,112,189,189,296,296,376,392,278,284,184,192,173,177,245,257,180,192,234,238,239,253,133,143,205,207,208,218,186,186,,,247,251
IAC 1117-06,,Oliveira_2020,98,106,189,189,296,304,360,376,262,284,192,192,179,191,237,265,180,182,228,228,235,249,137,139,191,201,210,210,186,186,186,204,,
IAC 1135-01,,Oliveira_2020,110,110,189,189,294,296,354,360,262,276,184,204,169,169,249,265,186,195,234,234,249,249,133,139,193,199,196,196,186,186,186,186,,
ELVIRA #,,Oliveira_2020,112,114,189,189,300,300,376,376,,,192,200,173,175,239,241,186,195,228,236,239,241,133,145,195,201,192,210,186,186,188,202,,
IAC 1193 #,,Oliveira_2020,104,120,189,191,294,296,376,376,276,294,186,188,169,173,239,239,182,208,236,268,239,265,133,145,191,219,210,210,186,188,196,200,243,255
ARMÊNIA I70058,,Oliveira_2020,104,104,189,191,296,304,376,376,272,284,192,200,169,173,249,255,180,182,234,238,247,251,133,135,195,207,200,208,182,186,204,204,255,259
IAC 1238-08,,Oliveira_2020,104,104,181,189,296,298,374,376,262,278,192,192,169,179,249,257,186,200,230,230,233,235,143,149,195,203,208,210,186,188,192,204,,
BUFFALO,BUFFALO,Oliveira_2020,114,114,189,189,294,298,376,376,284,284,192,200,169,193,241,241,186,188,240,240,235,249,133,155,195,195,204,228,182,182,186,206,239,247
IAC 1398-21 TRAVIÚ,,Oliveira_2020,96,120,191,191,304,304,372,374,284,284,188,204,169,169,249,255,182,190,224,238,235,249,149,149,195,201,208,210,182,186,186,202,255,259
IAC 1410-08 EZEQUIEL,,Oliveira_2020,96,114,189,191,296,314,376,376,270,284,188,192,169,169,255,255,190,195,238,240,237,247,133,135,201,211,210,228,182,186,180,192,255,261
IAC 1595-02 LÍGIA,,Oliveira_2020,104,108,189,191,296,298,354,376,262,284,192,192,169,175,255,265,182,186,,,247,249,135,139,191,203,210,228,186,186,186,204,251,259
IAC 1595-16 ANGELINA,,Oliveira_2020,96,104,189,191,296,298,374,376,262,284,192,192,169,191,241,255,182,186,228,242,249,251,133,135,191,203,204,228,186,186,186,194,251,255
IAC 1596-02 MARTA,,Oliveira_2020,108,120,189,191,298,304,376,376,,,192,192,169,175,241,255,180,182,224,238,249,249,135,155,201,203,210,210,186,186,186,186,,
IAC 1726-03 ROBERTA,,Oliveira_2020,108,116,191,191,298,300,374,376,270,284,192,192,169,175,255,255,180,180,236,238,235,249,135,135,203,211,210,248,186,186,186,204,255,255
IAC 1742,,Oliveira_2020,108,114,189,191,304,304,374,376,278,284,186,188,169,179,241,249,180,186,238,240,241,247,133,149,191,203,200,208,186,186,192,202,,
IAC 1851-02,,Oliveira_2020,112,116,189,191,308,314,376,376,256,284,190,200,169,191,239,249,186,195,228,234,237,239,133,141,197,201,208,210,186,188,182,188,,
IAC 0082-01,,Oliveira_2020,96,118,189,191,,,,,,,188,188,169,169,249,255,180,195,228,240,243,247,149,149,,,,,182,186,188,192,251,255
IAC 1410-04,,Oliveira_2020,98,120,181,189,304,304,372,372,268,270,186,200,169,175,249,255,182,195,236,238,235,239,135,151,195,211,192,200,186,186,196,202,,
IAC 0324-20 FADA,,Oliveira_2020,96,110,191,191,300,300,372,376,284,284,188,192,169,175,241,247,182,182,238,240,247,249,133,143,189,209,204,210,182,186,186,204,,
IAC 0433-06 BRANCA DE NEVE,,Oliveira_2020,108,108,189,191,,,,,,,188,202,173,173,249,249,180,195,,,239,253,149,151,,,,,186,186,188,200,255,257
IAC 0460-01,,Oliveira_2020,112,114,189,189,,,372,376,,,192,200,173,175,239,241,186,195,228,236,239,241,133,145,,,192,210,186,186,188,202,259,259
IAC 0473-07,,Oliveira_2020,96,96,189,191,298,304,374,376,,,188,192,169,173,241,249,182,186,,,239,249,135,149,,,200,228,182,186,186,188,249,259
IAC 0486-03,,Oliveira_2020,96,108,191,191,298,304,376,376,262,284,192,204,169,169,249,249,180,195,234,240,239,243,133,149,201,203,200,210,186,186,188,204,,
IAC 0496-15,,Oliveira_2020,104,120,189,193,294,298,376,376,256,280,188,204,169,191,243,249,190,190,224,240,243,251,139,151,195,201,200,228,182,186,188,194,,
IAC 0504-01,,Oliveira_2020,96,108,191,191,294,298,374,374,284,284,192,204,169,169,239,249,180,190,234,234,243,253,149,151,199,219,200,208,182,186,188,188,255,259
IAC 0510-08,,Oliveira_2020,116,120,189,191,298,304,374,376,270,284,192,194,169,169,249,255,176,195,224,236,239,253,149,149,201,203,208,210,186,186,188,204,,
ALPHONSE LAVALEE,ALPHONSE LAVALEE,Oliveira_2020,96,104,181,191,296,298,,,284,284,192,200,169,169,239,255,186,186,228,240,249,255,133,135,203,203,204,228,186,186,186,204,239,251
IAC 0730-01,,Oliveira_2020,112,114,189,191,294,298,374,376,270,284,192,200,169,169,249,255,180,186,228,238,243,249,149,151,203,211,208,210,182,186,202,204,247,249
IAC 0733-39,,Oliveira_2020,112,116,189,191,,,,,,,184,188,173,173,257,265,180,182,234,236,235,253,143,143,199,207,,,182,186,200,204,,
HUBBARD,,Oliveira_2020,112,114,189,191,298,298,344,376,270,284,192,202,169,181,247,255,186,188,240,240,235,247,135,135,,,186,228,182,186,192,206,,
GOLDEN MUSCAT,GOLDEN MUSCAT,Oliveira_2020,96,96,191,191,298,298,345,376,,,188,202,169,169,249,249,186,186,240,240,235,249,125,149,195,209,186,228,182,186,186,202,239,259
AUGUST GIANT,AUGUST GIANT,Oliveira_2020,96,112,189,191,304,304,344,376,274,284,184,192,175,185,255,255,182,188,236,240,235,247,125,135,195,195,202,228,182,182,194,202,259,265
KEROZENE,,Oliveira_2020,96,110,189,191,304,304,344,372,284,284,188,200,169,173,249,249,182,186,230,240,235,239,149,149,189,209,186,210,182,182,188,202,259,259
CARDINAL #,,Oliveira_2020,108,110,181,191,298,314,374,374,268,284,192,192,169,169,239,249,180,195,234,240,243,247,133,149,195,203,200,208,186,186,192,204,,
GOLDEN QUEEN,GOLDEN QUEEN,Oliveira_2020,96,112,189,191,304,304,376,376,270,286,192,200,169,173,249,255,180,182,238,238,249,249,135,151,191,203,200,228,182,186,186,202,249,249
LIBERTY,LIBERTY,Oliveira_2020,98,98,189,191,292,294,364,376,284,284,188,192,169,193,241,241,186,192,240,246,235,249,125,133,195,197,196,204,182,186,186,206,,
PIROVANO 548 #,,Oliveira_2020,104,112,181,181,304,304,364,376,256,284,192,198,173,175,255,255,186,190,240,242,249,249,143,155,193,197,204,204,186,186,194,200,239,251
ARMÊNIA I70060 #,,Oliveira_2020,,,191,191,298,314,374,374,268,284,192,200,169,175,249,255,184,195,,,233,243,,,195,203,200,228,186,186,188,196,,
ARMÊNIA I70061 #,,Oliveira_2020,104,116,191,191,304,304,372,376,278,284,186,192,169,173,249,249,182,195,236,242,243,243,151,151,195,201,192,204,186,186,188,188,251,257
SEIBEL 128,SEIBEL 128,Oliveira_2020,96,96,181,187,304,316,376,376,262,278,184,204,175,191,237,241,182,202,228,254,247,251,133,133,193,197,210,210,186,186,194,194,243,245
ROMANA,,Oliveira_2020,98,120,181,189,304,304,372,372,268,270,186,200,169,175,249,255,182,195,236,238,235,239,135,151,195,211,192,200,186,186,196,202,249,259
TIETA (SUFFOLK RED),,Oliveira_2020,104,116,189,191,,,372,376,280,284,188,194,175,181,243,245,182,186,236,238,235,253,125,155,199,199,192,210,182,186,188,202,247,259
IAC 514- 6 MARIA,,Oliveira_2020,112,116,189,191,298,298,,,280,284,194,200,169,175,241,249,180,182,228,236,249,253,133,149,201,203,200,218,186,186,186,188,255,259
ITÁLIA,,Oliveira_2020,108,110,181,191,298,314,374,374,268,284,192,192,169,169,239,249,180,195,234,240,243,247,133,149,195,203,200,208,186,186,192,204,255,257
RUBI,RUBI,Oliveira_2020,108,110,181,191,298,314,374,374,268,284,192,192,169,169,239,249,180,195,234,240,243,247,133,149,195,203,200,208,186,186,192,204,255,257
BENITAKA,,Oliveira_2020,108,110,181,191,298,314,374,374,268,284,192,192,169,169,239,249,180,195,234,240,243,247,133,149,195,203,200,208,186,186,192,204,255,257
MUSCA,MUSCA,Oliveira_2020,108,120,189,191,304,304,376,376,256,276,192,200,169,179,241,255,180,186,228,240,235,247,123,135,189,191,204,210,182,186,202,204,237,251
VITIS CHAMPINII #,,Oliveira_2020,106,108,189,207,312,312,366,366,258,262,174,186,169,185,235,247,192,214,266,266,233,251,133,141,185,219,198,220,188,188,174,190,,
DOG RIDGE,DOG RIDGE,Oliveira_2020,,,189,207,312,312,366,366,258,262,174,186,169,185,235,247,192,214,266,266,233,251,133,141,185,219,198,220,188,188,174,190,,
VITIS CINEREA,,Oliveira_2020,,,189,189,294,298,360,360,,,190,192,173,173,257,267,192,200,240,242,233,235,143,143,199,209,200,200,188,188,192,204,245,249
VITIS BOURQUINA #,,Oliveira_2020,106,112,189,193,304,314,366,366,262,262,180,186,171,197,239,263,192,214,264,264,233,261,137,139,183,203,198,200,188,188,174,202,,
VR 039- 16,,Oliveira_2020,98,98,191,191,304,306,346,372,250,284,200,200,173,173,247,267,195,216,230,252,237,253,143,147,189,189,198,210,182,198,188,204,,
VITIS ROTUNDIFOLIA,,Oliveira_2020,98,98,187,187,332,346,342,342,250,258,196,196,169,173,247,269,190,195,242,246,235,243,149,153,,,194,194,182,200,198,200,,
VITIS DOANIANA,,Oliveira_2020,106,106,191,197,312,314,360,360,260,262,186,200,169,173,245,255,190,208,266,266,233,257,139,167,183,223,196,206,186,188,174,190,237,261
VITIS SHUTTLEWORTHII,,Oliveira_2020,96,112,189,191,304,308,344,368,260,284,184,196,173,181,243,269,186,188,234,240,235,243,125,147,189,195,204,204,182,182,174,206,247,249
IAC 571-6 JUNDIAÍ,,Oliveira_2020,,,189,189,298,302,360,360,262,262,182,186,173,185,237,255,192,212,238,266,231,251,141,157,199,213,198,198,186,188,190,204,243,259
VITIS BERLANDIERI,,Oliveira_2020,106,106,191,197,312,314,360,360,260,262,186,200,169,173,245,255,190,208,266,266,233,257,139,167,183,223,196,206,186,188,174,190,,
SALT CREEK,,Oliveira_2020,106,112,189,193,,,,,,,180,180,171,197,239,263,192,214,264,264,233,261,137,139,,,,,188,188,174,202,237,255
FREEDOM,FREEDOM,Oliveira_2020,108,108,189,191,,,,,,,178,178,173,191,235,249,178,186,266,270,243,251,129,133,,,,,186,188,188,190,257,267
HARMONY,HARMONY,Oliveira_2020,108,108,189,207,298,306,348,348,270,276,,,185,191,235,243,210,214,266,270,243,251,133,139,219,223,228,230,186,186,188,202,255,257
RIPÁRIA DO TRAVIÚ (106-8 MGT),,Oliveira_2020,104,104,189,189,298,298,358,358,262,264,178,186,173,191,239,251,186,206,268,268,249,265,133,145,219,221,192,210,180,186,198,198,,
TELEKI 8 B,,Oliveira_2020,110,110,189,195,298,308,354,354,258,276,186,186,173,179,237,247,204,212,228,268,233,251,141,149,195,215,210,210,188,188,192,214,251,259
GOLIA,GOLIA,Oliveira_2020,104,106,181,189,296,298,360,366,256,264,192,208,189,191,237,241,208,208,266,270,249,257,137,145,205,215,222,222,180,186,190,196,255,263
IAC 766 CAMPINAS,,Oliveira_2020,106,106,189,189,294,298,,,262,262,186,192,173,173,237,251,200,208,242,242,235,265,133,137,,,210,248,186,186,200,204,243,255
RUPESTRIS DU LOT,,Oliveira_2020,106,106,189,189,298,318,346,380,264,266,174,208,191,191,237,237,206,208,238,270,257,261,137,137,205,219,220,222,180,188,196,196,259,263
110 R,110 R,Oliveira_2020,96,106,189,189,290,298,380,380,258,266,186,208,179,191,237,263,190,206,236,270,231,257,137,143,205,221,208,208,182,188,196,214,243,259
OLMO VR 043- 43,,Oliveira_2020,98,98,187,191,304,306,346,372,,,200,200,173,173,247,267,184,195,230,230,237,253,143,147,189,189,198,210,182,200,188,204,,
MAGOON #,,Oliveira_2020,96,98,187,187,304,312,346,346,250,250,186,186,,,269,269,186,198,230,234,243,243,147,147,203,203,186,202,178,184,198,198,255,259
REGALE,REGALE,Oliveira_2020,96,98,187,187,304,312,346,346,250,250,186,186,179,179,269,269,186,198,230,234,243,243,147,147,203,203,186,202,178,184,198,198,255,259
DIXIE,DIXIE,Oliveira_2020,98,98,187,187,310,316,346,346,,,186,196,169,179,269,269,212,216,234,234,245,245,147,149,191,201,192,198,184,184,214,214,,
TOPSAIL,TOPSAIL,Oliveira_2020,96,98,187,187,310,310,346,346,250,252,,,169,191,251,269,200,212,230,234,235,243,149,153,195,203,,,184,184,214,214,,
CREEK,CREEK,Oliveira_2020,96,96,179,189,304,318,346,346,250,252,182,192,169,191,251,269,200,214,228,252,235,235,149,153,203,203,198,198,184,200,214,224,,
BOUNTIFUL,BOUNTIFUL,Oliveira_2020,96,96,187,189,310,318,346,346,250,252,178,192,169,169,251,251,200,200,234,252,235,243,153,153,195,203,,,184,200,214,224,,
ROANOKE,,Oliveira_2020,96,96,187,187,304,310,346,346,250,254,178,178,169,191,269,269,212,216,234,234,237,245,147,149,,,198,202,178,184,196,214,,
NOBLE #,,Oliveira_2020,98,106,187,187,304,312,346,346,250,254,186,188,169,179,251,265,198,212,234,234,235,241,147,153,203,203,190,192,184,214,198,214,,
CARLOS #,,Oliveira_2020,96,98,187,187,304,312,346,346,250,254,182,196,173,179,269,269,198,198,234,252,243,245,149,149,203,203,188,198,184,200,198,214,,
SCHWARZMANN,,Oliveira_2020,104,110,189,189,298,298,,,258,276,178,186,173,191,239,253,208,214,254,268,251,265,137,145,215,219,222,232,186,188,200,202,255,257
IAC 572 JALES,,Oliveira_2020,,,189,189,298,302,360,360,264,264,182,186,173,185,237,255,192,212,238,266,231,251,141,157,199,213,198,230,186,188,190,204,,
101-14 #,,Oliveira_2020,104,104,189,189,298,298,,,264,274,186,198,173,191,237,239,190,212,266,266,251,251,141,143,213,217,198,198,186,188,190,202,257,259
IAC 313 TROPICAL,,Oliveira_2020,106,106,189,189,294,298,360,360,256,262,192,208,173,191,237,267,200,208,242,270,235,257,137,143,205,209,248,248,186,188,196,204,,
KOBER 5BB,,Oliveira_2020,,,189,195,294,298,354,354,258,264,186,186,173,179,237,247,192,212,238,268,233,265,141,149,219,227,210,222,186,188,200,214,251,259
420A,,Oliveira_2020,108,108,189,189,298,310,368,368,260,264,174,186,173,179,239,271,194,218,240,266,231,263,127,137,187,223,208,208,186,186,190,196,255,255
SO4 #,,Oliveira_2020,110,110,189,197,298,308,354,354,258,264,186,186,173,179,239,247,204,212,238,268,231,265,145,149,219,227,192,210,182,188,200,210,,
VITIS CANDICANS,,Oliveira_2020,106,106,195,195,312,312,366,366,262,262,186,186,169,169,253,257,190,190,,,233,233,,,185,185,198,198,188,188,174,174,237,237
VITIS AMURENSIS,,Oliveira_2020,104,104,189,189,298,316,,,266,280,186,186,173,191,237,239,216,218,252,254,251,251,143,171,213,225,222,222,186,186,190,194,,
VITIS MONTICOLA,,Oliveira_2020,106,120,189,189,296,298,376,376,264,278,178,192,169,191,237,255,182,208,236,254,243,249,137,143,191,209,192,222,186,188,188,202,,
SUMMIT,SUMMIT,Oliveira_2020,98,98,187,187,318,328,346,346,250,250,186,196,169,173,251,269,198,200,234,234,235,245,149,153,203,203,198,198,184,184,214,214,,
GARGANEGA,GARGANEGA,Oliveira_2020,104,112,181,181,294,304,354,374,284,284,204,210,169,175,241,255,180,195,228,234,249,253,133,143,191,205,192,206,182,186,200,200,251,251
BRONNER,BRONNER,Oliveira_2020,104,104,181,189,294,296,374,376,272,280,188,192,169,175,237,239,190,190,228,230,239,241,133,137,195,205,192,200,186,186,184,188,239,259
VIOGNER,VIOGNER,Oliveira_2020,104,104,181,193,296,300,374,376,260,278,186,192,173,175,239,241,186,192,228,234,239,249,133,139,199,209,204,210,182,186,188,200,251,251
ALEÁTICO #,,Oliveira_2020,104,112,181,193,294,304,376,376,256,284,192,192,169,173,249,255,182,190,236,240,247,257,135,151,195,199,210,228,186,186,194,194,,
MANZONI BIANCO,MANZONI BIANCO,Oliveira_2020,104,120,191,191,294,304,376,376,256,256,188,192,173,175,249,249,182,186,228,230,243,249,151,151,195,199,210,210,186,186,188,204,239,243
MOSCATO GIALLO,MOSCATO GIALLO,Oliveira_2020,108,108,181,189,304,304,354,376,,,192,200,173,173,241,255,180,180,230,242,239,249,133,143,199,199,206,210,182,186,186,188,249,255
PROSECCO,PROSECCO,Oliveira_2020,114,114,191,191,294,296,372,376,272,286,186,198,173,175,239,243,180,195,228,248,239,247,133,143,193,207,192,208,186,186,188,204,249,259
RIBOLLA,RIBOLLA,Oliveira_2020,110,110,181,181,294,296,374,376,256,272,192,200,169,169,255,263,180,186,234,236,239,249,143,151,191,205,200,204,186,186,196,200,237,251
CODA DI VOLPE,,Oliveira_2020,96,104,181,181,294,304,354,376,272,284,188,188,169,175,241,241,182,195,228,238,247,247,133,145,199,199,200,210,182,186,194,204,251,259
GRECO DI TUFO,GRECO DI TUFO,Oliveira_2020,104,104,181,191,294,304,372,374,256,276,186,192,169,173,239,241,186,190,230,234,247,249,133,155,201,211,200,204,186,186,202,204,243,251
TREBBIANO,TREBBIANO,Oliveira_2020,96,104,181,181,296,304,374,376,256,284,198,204,169,175,241,255,180,184,228,234,249,253,133,143,199,205,192,210,182,186,194,200,245,251
VERDICHIO,,Oliveira_2020,104,106,181,191,296,304,356,374,270,270,186,204,169,173,241,241,180,186,230,242,239,247,133,155,191,195,192,204,182,186,196,196,249,257
VERMENTINO,,Oliveira_2020,104,114,181,189,296,304,356,376,270,274,204,204,169,173,241,249,180,182,236,240,249,249,133,151,191,199,192,192,186,186,200,204,249,259
REBO,REBO,Oliveira_2020,104,104,189,189,296,296,350,376,256,284,190,192,169,175,241,249,186,190,230,238,239,239,151,155,205,211,202,204,184,186,194,194,243,259
CANAIOLO,CANAIOLO,Oliveira_2020,104,112,181,189,296,304,374,374,256,276,192,192,175,177,241,255,186,190,230,242,233,239,133,135,,,206,210,182,186,188,204,251,259
ANCELLOTTA,ANCELLOTTA,Oliveira_2020,104,104,181,191,304,304,354,376,256,284,204,204,173,173,241,255,186,190,234,234,239,263,133,155,191,199,204,210,186,186,194,194,245,247
BARBERA NERA,BARBERA NERA,Oliveira_2020,104,104,189,189,296,300,350,376,256,272,192,204,169,173,239,255,186,190,228,228,249,253,133,135,207,209,192,210,186,186,192,200,243,259
CROATINA,CROATINA,Oliveira_2020,96,96,181,181,300,304,372,376,268,276,192,204,169,175,239,249,190,195,238,238,247,249,139,151,205,211,200,210,182,186,186,196,245,245
LAGREIN,LAGREIN,Oliveira_2020,96,104,181,181,304,304,350,354,262,284,192,204,169,175,239,241,186,186,230,240,239,247,137,155,205,211,202,204,186,186,192,194,239,243
MALVASIA NERA,MALVASIA NERA,Oliveira_2020,104,104,181,193,296,296,374,376,268,284,192,202,169,175,241,241,180,182,228,238,239,249,145,145,189,205,200,204,186,186,196,202,,
NEBBIOLLO,,Oliveira_2020,104,104,189,189,296,304,350,372,256,284,190,200,169,175,239,241,186,190,234,238,247,249,155,155,195,211,192,202,182,186,194,200,243,251
SAGRANTINO,,Oliveira_2020,114,114,181,181,296,304,372,374,272,284,,,169,169,239,239,186,186,234,234,239,249,,,191,203,198,200,186,186,200,200,239,251
SANGIOVESE,SANGIOVESE,Oliveira_2020,110,112,181,181,304,304,356,374,272,276,188,204,175,177,241,241,180,186,228,238,239,263,133,133,209,211,192,200,186,186,194,196,243,259
UVA DI TROIA,UVA DI TROIA,Oliveira_2020,96,110,181,181,296,304,374,376,,,192,200,173,175,263,267,190,195,228,234,243,253,143,151,193,205,192,210,182,186,188,200,251,251
ANGLIANICO,,Oliveira_2020,104,104,181,193,294,304,372,374,270,278,192,200,169,173,249,263,184,190,234,248,239,239,151,155,191,199,204,204,,,188,188,245,247
LAMBRUSCO,LAMBRUSCO,Oliveira_2020,104,104,181,191,296,304,372,372,256,284,186,192,169,173,241,255,186,190,234,234,239,249,133,133,191,207,192,204,186,186,194,200,245,245
MONTEPULCIANO,MONTEPULCIANO,Oliveira_2020,104,112,181,181,304,304,354,356,272,272,200,204,169,175,239,241,190,190,228,230,249,249,133,145,197,205,210,210,186,186,190,200,251,251
NEGRO AMARO,NEGRO AMARO,Oliveira_2020,,,181,193,296,304,374,376,286,286,202,204,169,175,241,263,180,182,228,238,249,249,145,151,199,205,200,210,186,186,190,202,259,259
PRIMITIVO,PRIMITIVO,Oliveira_2020,96,114,181,193,294,296,368,376,286,294,192,198,169,169,239,239,180,182,228,238,247,249,133,143,191,203,200,208,186,186,200,204,237,259
REGENT #,,Oliveira_2020,104,104,181,181,296,304,376,376,272,276,188,192,169,169,239,255,190,190,230,242,239,243,137,139,201,205,200,204,184,186,188,188,,
VITIS GIRDIANA,,Oliveira_2020,108,112,181,191,294,298,368,368,,,184,192,175,179,255,277,180,184,228,234,237,247,133,135,193,211,220,248,182,186,182,192,245,247
ACCESSION NAME #: MISLABELING NAME,,Oliveira_2020,,,,,,,,,,,,,,,,,,,,,,,,,,,,,,,,,,
